Eng Displ,# Cyl,Comb Unadj FE - Conventional Fuel,# Gears,Max Ethanol % - Gasoline,Intake Valves Per Cyl,Exhaust Valves Per Cyl,Trans Creeper Gear,Unique Label?,Air Aspiration Method Desc,Fuel Metering Sys Desc,Cyl Deact?
,4,32.8729,6,10.0,2,2,N,N,Naturally Aspirated,Multipoint/sequential fuel injection,N
,4,41.5766,6,10.0,2,2,N,N,none given,Spark Ignition Direct Injection,N
1.8,4,42.3624,6,15.0,2,2,N,N,none given,Multipoint/sequential fuel injection,   
3.5,6,29.3963,6,10.0,2,2,N,N,none given,Spark Ignition Direct Injection,   
,6,25.4694,6,85.0,2,2,N,N,Naturally Aspirated,Multipoint/sequential fuel injection,N
,6,27.9923,8,10.0,2,2,N,N,Naturally Aspirated,Multipoint/sequential fuel injection,
,6,25.6217,8,85.0,2,2,N,N,Naturally Aspirated,Multipoint/sequential fuel injection,N
3.4,6,28.7955,7,10.0,2,2,N,Y,Naturally Aspirated,@@@@@,N
3.5,6,25.5194,6,15.0,2,2,N,N,none given,Spark Ignition Direct Injection,
,4,36.1046,7,10.0,2,2,N,N,Turbocharged,Spark Ignition Direct Injection,N
1.8,4,42.6092,6,10.0,2,2,N,N,none given,Multipoint/sequential fuel injection,
2.5,4,36.0247,6,10.0,2,2,N,N,none given,Spark Ignition Direct Injection,   
2.5,4,25.1277,6,10.0,2,2,N,N,none given,@@@@@,N
3.5,6,27.925,6,15.0,2,2,N,N,none given,@@@@@,N
,6,31.0325,8,15.0,2,2,N,N,none given,Spark Ignition Direct Injection,N
2.0,4,34.7404,6,15.0,2,2,N,N,none given,Spark Ignition Direct Injection,
,4,28.044,6,10.0,2,2,N,Y,Turbocharged,Spark Ignition Direct Injection,N
6.3,12,17.0002,7,10.0,2,2,N,Y,Naturally Aspirated,@@@@@,N
,4,32.9334,8,10.0,2,2,N,N,none given,Spark Ignition Direct Injection,N
6.2,8,22.0201,8,10.0,1,1,N,N,Naturally Aspirated,Spark Ignition Direct Injection,Y
6.2,8,21.6821,8,10.0,1,1,N,N,Naturally Aspirated,@@@@@,Y
1.5,4,43.1463,6,10.0,2,2,N,N,Naturally Aspirated,@@@@@,
,4,31.0576,9,10.0,2,2,N,N,Naturally Aspirated,Multipoint/sequential fuel injection,N
3.5,6,29.8129,8,15.0,2,2,N,N,none given,Spark Ignition direct & ported injection,N
3.0,6,27.723,8,15.0,2,2,N,Y,none given,Spark Ignition Direct Injection,
2.0,4,33.7222,6,15.0,2,2,N,N,none given,Spark Ignition Direct Injection,   
3.0,6,30.4958,6,10.0,2,2,N,N,none given,Spark Ignition Direct Injection,N
1.5,4,47.715,6,10.0,2,2,N,N,none given,Spark Ignition Direct Injection,   
,12,18.7023,8,10.0,2,2,N,N,Turbocharged,Spark Ignition Direct Injection,
1.4,4,40.434,6,10.0,2,2,N,N,none given,Multipoint/sequential fuel injection,N
2.0,4,33.1491,8,10.0,2,2,N,Y,none given,@@@@@,N
,6,20.076,6,10.0,2,2,N,,Naturally Aspirated,Multipoint/sequential fuel injection,N
,6,29.3854,7,10.0,2,2,N,N,Naturally Aspirated,@@@@@,N
3.6,6,21.0918,6,10.0,2,2,N,N,none given,Spark Ignition Direct Injection,N
6.7,12,17.4989,8,10.0,2,2,N,N,Naturally Aspirated,@@@@@,
2.0,4,34.2453,8,10.0,2,2,N,Y,none given,Spark Ignition Direct Injection,N
,4,36.703,6,10.0,2,2,N,N,Turbocharged,Multipoint/sequential fuel injection,N
3.0,6,30.722,8,10.0,2,2,N,N,none given,Spark Ignition Direct Injection,N
2.0,4,36.4494,7,85.0,2,2,N,,none given,Spark Ignition Direct Injection,   
1.4,4,46.403,5,10.0,2,2,N,N,Naturally Aspirated,@@@@@,N
4.0,8,21.7662,8,15.0,2,2,N,N,Turbocharged,@@@@@,   
,6,22.577,6,10.0,2,2,N,N,Naturally Aspirated,Spark Ignition Direct Injection,N
3.5,6,28.7377,6,10.0,2,2,N,N,none given,Multipoint/sequential fuel injection,   
,8,19.0572,8,10.0,1,1,N,N,Naturally Aspirated,Multipoint/sequential fuel injection,Y
,4,34.7404,6,15.0,2,2,N,N,none given,Spark Ignition Direct Injection,
1.6,4,39.9942,7,15.0,2,2,N,N,Turbocharged,Spark Ignition Direct Injection,
,8,22.3336,8,10.0,1,1,N,N,Naturally Aspirated,Spark Ignition Direct Injection,Y
,4,36.5144,1,10.0,2,2,N,N,none given,Spark Ignition Direct Injection,N
2.0,4,34.7404,6,15.0,2,2,N,N,Turbocharged,Spark Ignition Direct Injection,   
2.4,4,33.0335,9,85.0,2,2,N,N,none given,Multipoint/sequential fuel injection,N
,8,23.4292,6,85.0,1,1,N,N,Naturally Aspirated,Spark Ignition Direct Injection,Y
6.5,12,16.2581,7,15.0,2,2,N,N,Naturally Aspirated,@@@@@,Y
,6,25.263,7,10.0,2,2,N,,none given,Spark Ignition Direct Injection,N
,6,21.2882,6,15.0,2,2,N,N,Turbocharged,Spark Ignition Direct Injection,N
2.0,4,34.2607,7,10.0,2,2,N,N,none given,Spark Ignition Direct Injection,   
6.2,8,19.7548,6,10.0,1,1,N,N,none given,Multipoint/sequential fuel injection,   
,4,31.9339,5,10.0,2,2,N,N,Naturally Aspirated,Spark Ignition Direct Injection,   
,4,34.3738,6,15.0,2,2,N,Y,none given,Multipoint/sequential fuel injection,N
2.7,4,26.7662,5,15.0,2,2,N,N,Naturally Aspirated,Multipoint/sequential fuel injection,
3.6,6,29.8923,8,10.0,2,2,N,N,Naturally Aspirated,Multipoint/sequential fuel injection,   
1.5,4,50.1953,1,10.0,2,2,N,N,Naturally Aspirated,@@@@@,
2.0,4,38.0027,6,10.0,2,2,N,N,none given,Spark Ignition Direct Injection,   
,4,31.9024,6,15.0,2,2,N,N,Turbocharged,@@@@@,N
1.6,4,42.8024,7,10.0,2,2,N,N,Turbocharged,@@@@@,
2.4,4,35.3153,6,10.0,2,2,N,N,none given,Multipoint/sequential fuel injection,
2.0,4,34.7884,8,10.0,2,2,N,N,Turbocharged,@@@@@,
1.4,4,46.6393,6,10.0,2,2,N,N,Turbocharged,Spark Ignition Direct Injection,N
1.6,4,40.0936,6,10.0,2,2,N,N,none given,Spark Ignition Direct Injection,N
2.0,4,35.8215,6,10.0,2,2,N,N,Naturally Aspirated,@@@@@,N
,6,33.9853,9,,2,2,N,,none given,Common Rail Direct Diesel Injection,N
3.5,6,25.6832,6,85.0,2,2,N,N,Naturally Aspirated,Multipoint/sequential fuel injection,
3.5,6,27.3233,6,15.0,2,2,N,N,Naturally Aspirated,Multipoint/sequential fuel injection,N
,6,38.6615,6,15.0,2,2,N,N,Naturally Aspirated,@@@@@,N
5.0,8,17.2204,6,10.0,2,2,N,N,Supercharged,Multipoint/sequential fuel injection,   
1.8,4,40.4893,6,10.0,2,2,N,N,Naturally Aspirated,Multipoint/sequential fuel injection,   
2.0,4,37.46,7,10.0,2,2,N,N,none given,Spark Ignition Direct Injection,   
,6,29.4792,7,10.0,2,2,N,,Naturally Aspirated,Spark Ignition Direct Injection,
,6,26.3559,6,10.0,2,2,N,N,Naturally Aspirated,@@@@@,N
3.0,6,30.2755,8,10.0,2,2,N,N,none given,@@@@@,   
,4,28.5872,6,85.0,2,2,N,N,Naturally Aspirated,Multipoint/sequential fuel injection,N
1.8,4,34.858,6,15.0,2,2,N,N,Turbocharged,@@@@@,   
2.4,4,31.4586,9,10.0,2,2,N,N,Naturally Aspirated,@@@@@,N
3.7,6,26.2931,6,15.0,2,2,N,N,Naturally Aspirated,@@@@@,N
1.4,4,37.7104,6,10.0,2,2,N,N,Turbocharged,Multipoint/sequential fuel injection,
3.7,6,25.5795,7,10.0,2,2,N,N,none given,Multipoint/sequential fuel injection,   
3.0,6,26.1317,6,10.0,2,2,N,N,Turbocharged,@@@@@,N
,8,22.8351,8,15.0,2,2,N,N,Naturally Aspirated,Spark Ignition Direct Injection,
3.5,6,20.7441,6,15.0,2,2,N,Y,Turbocharged,Spark Ignition Direct Injection,N
2.0,4,31.524,6,10.0,2,2,N,N,Turbocharged,Spark Ignition Direct Injection,N
,6,28.0618,8,10.0,2,2,N,N,Turbocharged,Spark Ignition Direct Injection,N
,8,19.0009,8,15.0,2,2,N,N,Naturally Aspirated,Multipoint/sequential fuel injection,   
,4,28.4872,6,15.0,2,2,N,N,none given,Spark Ignition Direct Injection,N
2.0,4,36.7729,6,10.0,2,2,N,N,none given,@@@@@,
2.4,4,31.5846,6,10.0,2,2,N,N,none given,Spark Ignition Direct Injection,N
2.0,4,31.3542,6,10.0,2,2,N,N,none given,Spark Ignition Direct Injection,N
1.8,4,57.4981,1,15.0,2,2,N,N,none given,Multipoint/sequential fuel injection,N
,6,21.2882,6,15.0,2,2,N,N,Turbocharged,Spark Ignition Direct Injection,N
1.5,4,47.9062,1,10.0,2,2,N,N,none given,Spark Ignition Direct Injection,N
,6,29.6903,7,10.0,2,2,N,N,none given,Multipoint/sequential fuel injection,N
6.0,8,15.9434,6,10.0,1,1,N,N,Naturally Aspirated,@@@@@,N
,6,40.7884,6,15.0,2,2,N,N,Naturally Aspirated,Spark Ignition direct & ported injection,N
,8,19.4738,7,10.0,2,2,N,,Turbocharged,@@@@@,N
3.5,6,30.071,6,10.0,2,2,N,N,Naturally Aspirated,@@@@@,Y
1.8,4,73.9715,1,15.0,2,2,N,Y,Naturally Aspirated,Multipoint/sequential fuel injection,   
2.0,4,34.7884,8,10.0,2,2,N,N,Turbocharged,@@@@@,
,8,21.4008,8,10.0,1,1,N,N,none given,Spark Ignition Direct Injection,Y
3.8,6,28.2451,7,10.0,2,2,N,Y,Naturally Aspirated,@@@@@,N
5.7,8,19.0631,6,85.0,2,2,N,N,none given,Multipoint/sequential fuel injection,N
,6,24.6374,6,10.0,2,2,N,N,Turbocharged,Spark Ignition Direct Injection,N
,4,34.0888,6,85.0,2,2,N,N,Naturally Aspirated,Spark Ignition Direct Injection,N
2.0,4,33.9305,6,10.0,2,2,N,Y,none given,Spark Ignition Direct Injection,N
2.0,4,35.4089,8,15.0,2,2,N,N,none given,Spark Ignition Direct Injection,N
,8,24.7961,8,15.0,2,2,N,N,none given,Spark Ignition direct & ported injection,
3.0,6,29.4319,7,10.0,2,2,N,Y,none given,Spark Ignition Direct Injection,
4.0,8,26.2333,7,10.0,2,2,N,,none given,Spark Ignition Direct Injection,   
3.7,6,25.5781,6,15.0,2,2,N,N,none given,Multipoint/sequential fuel injection,
,4,44.8007,5,15.0,2,2,N,N,none given,Spark Ignition Direct Injection,N
,4,40.7561,6,10.0,2,2,N,N,Naturally Aspirated,@@@@@,N
5.7,8,19.2488,8,15.0,2,2,N,N,Naturally Aspirated,Multipoint/sequential fuel injection,N
2.0,4,54.9862,1,15.0,2,2,N,Y,Naturally Aspirated,@@@@@,
,12,15.0373,7,10.0,2,1,N,,none given,Multipoint/sequential fuel injection,N
3.6,6,31.0325,8,10.0,2,2,N,N,none given,Spark Ignition Direct Injection,Y
3.0,6,29.3454,8,15.0,2,2,N,Y,Supercharged,@@@@@,N
,4,36.7702,1,10.0,2,2,N,N,Naturally Aspirated,Multipoint/sequential fuel injection,N
3.0,6,Mod,8,,2,2,N,N,none given,Common Rail Direct Diesel Injection,   
3.5,6,24.4655,6,15.0,2,2,N,N,Naturally Aspirated,Spark Ignition direct & ported injection,
2.0,4,40.9252,6,10.0,2,2,N,N,none given,@@@@@,N
,4,36.1495,7,10.0,2,2,N,N,none given,Multipoint/sequential fuel injection,   
2.0,4,38.0851,6,10.0,2,2,N,N,Turbocharged,@@@@@,N
5.7,8,19.7148,6,85.0,2,2,N,N,Naturally Aspirated,Multipoint/sequential fuel injection,N
3.5,6,26.1394,6,15.0,2,2,N,N,Naturally Aspirated,Spark Ignition direct & ported injection,
2.5,4,34.9149,6,15.0,2,2,N,Y,none given,Multipoint/sequential fuel injection,   
2.0,4,40.4766,6,85.0,2,2,N,N,none given,Spark Ignition Direct Injection,   
2.0,4,40.1673,6,10.0,2,2,N,N,none given,@@@@@,   
2.0,4,36.7711,6,10.0,2,2,N,Y,none given,Spark Ignition Direct Injection,   
1.6,4,42.1145,6,10.0,2,2,N,N,none given,@@@@@,N
,6,23.9079,5,15.0,2,2,N,N,Naturally Aspirated,Multipoint/sequential fuel injection,N
2.5,4,27.2296,6,10.0,2,2,N,N,Naturally Aspirated,Spark Ignition Direct Injection,   
5.5,8,24.0623,7,10.0,2,2,N,,none given,Spark Ignition Direct Injection,   
,4,37.0001,7,10.0,2,2,N,N,Supercharged,Multipoint/sequential fuel injection,   
3.0,6,25.0855,7,10.0,2,2,N,N,Turbocharged,@@@@@,N
,4,39.1294,6,15.0,2,2,N,N,Turbocharged,Spark Ignition Direct Injection,
1.4,4,43.9612,6,10.0,2,2,N,N,none given,Multipoint/sequential fuel injection,   
,6,24.1148,8,10.0,2,2,N,N,Turbocharged,Spark Ignition Direct Injection,N
1.8,4,41.7113,7,10.0,2,2,N,N,Naturally Aspirated,Multipoint/sequential fuel injection,   
5.9,12,19.4,6,10.0,2,2,N,N,Naturally Aspirated,@@@@@,N
2.5,4,57.4438,1,15.0,2,2,N,N,Naturally Aspirated,@@@@@,
6.2,8,25.9542,8,10.0,1,1,N,N,Naturally Aspirated,@@@@@,   
3.6,6,29.8923,8,85.0,2,2,N,N,none given,Multipoint/sequential fuel injection,   
1.8,4,34.4702,6,10.0,2,2,N,N,Turbocharged,@@@@@,N
2.0,4,58.137,6,10.0,2,2,N,Y,none given,@@@@@,
2.0,4,36.2351,6,10.0,2,2,N,N,none given,@@@@@,
1.0,3,48.3501,5,15.0,2,2,N,Y,Turbocharged,@@@@@,N
2.0,4,32.3011,8,85.0,2,2,N,N,Turbocharged,@@@@@,N
6.4,8,23.4876,8,10.0,1,1,N,N,Naturally Aspirated,Multipoint/sequential fuel injection,   
6.2,8,20.0858,8,10.0,1,1,N,N,none given,@@@@@,N
4.7,8,20.5806,7,10.0,2,2,N,N,Naturally Aspirated,@@@@@,N
5.3,8,23.0686,6,10.0,1,1,N,N,Naturally Aspirated,Spark Ignition Direct Injection,   
,8,23.3029,6,85.0,1,1,N,N,Naturally Aspirated,Spark Ignition Direct Injection,Y
1.4,4,60.7663,7,15.0,2,2,N,N,none given,Spark Ignition Direct Injection,N
,4,40.6667,8,10.0,2,2,N,Y,Turbocharged,Spark Ignition Direct Injection,
2.0,4,37.0727,6,10.0,2,2,N,N,none given,@@@@@,   
3.7,6,25.2918,7,10.0,2,2,N,N,Naturally Aspirated,@@@@@,N
,6,24.9756,7,10.0,2,2,N,N,none given,Spark Ignition Direct Injection,N
,6,27.5271,7,10.0,2,2,N,,Naturally Aspirated,Spark Ignition Direct Injection,
2.8,4,29.9044,6,,2,2,N,N,Turbocharged,Direct Diesel Injection (non-common rail),
6.2,8,20.3611,8,10.0,1,1,N,N,Supercharged,@@@@@,Y
2.0,4,28.6571,6,10.0,2,2,N,Y,Turbocharged,Spark Ignition Direct Injection,   
,6,27.925,6,15.0,2,2,N,N,none given,Spark Ignition direct & ported injection,N
,4,29.5548,8,85.0,2,2,N,N,Turbocharged,Spark Ignition Direct Injection,N
5.3,8,23.0686,6,10.0,1,1,N,N,none given,Spark Ignition Direct Injection,Y
5.0,8,22.5528,8,15.0,2,2,N,Y,Supercharged,@@@@@,N
2.0,4,33.5228,6,15.0,2,2,N,N,none given,@@@@@,N
2.0,4,31.7073,8,10.0,2,2,N,N,Turbocharged,@@@@@,N
,6,23.7062,6,15.0,2,2,N,N,Turbocharged,@@@@@,N
2.0,4,35.8588,8,10.0,2,2,N,N,none given,Spark Ignition Direct Injection,N
,6,23.7057,6,15.0,2,2,N,N,Turbocharged,Spark Ignition Direct Injection,N
,4,33.8444,6,10.0,2,2,N,N,none given,Spark Ignition Direct Injection,
,8,20.7274,8,10.0,2,2,N,N,none given,Spark Ignition Direct Injection,N
,4,38.7615,8,10.0,2,2,N,N,Naturally Aspirated,Spark Ignition Direct Injection,N
1.6,4,35.4387,8,10.0,2,2,N,N,Turbocharged,Spark Ignition Direct Injection,
,6,32.3839,8,,2,2,N,Y,none given,Common Rail Direct Diesel Injection,   
3.5,6,33.7239,6,10.0,2,2,N,N,none given,@@@@@,
,6,26.4254,7,10.0,2,2,N,,none given,Spark Ignition Direct Injection,N
3.4,6,30.386,7,10.0,2,2,N,Y,none given,@@@@@,N
0.9,3,47.9309,5,10.0,2,2,N,,Turbocharged,@@@@@,   
3.3,6,26.6947,6,10.0,2,2,N,N,Naturally Aspirated,Spark Ignition Direct Injection,N
3.5,6,23.8253,6,15.0,2,2,N,Y,Naturally Aspirated,Spark Ignition direct & ported injection,   
,6,23.9231,5,10.0,2,2,N,N,Naturally Aspirated,Multipoint/sequential fuel injection,N
3.0,6,28.0618,8,10.0,2,2,N,N,Turbocharged,@@@@@,N
2.4,4,33.6531,5,10.0,2,2,N,N,none given,@@@@@,N
1.8,4,36.5318,6,15.0,2,2,N,N,Turbocharged,Spark Ignition Direct Injection,N
2.0,4,40.402,7,10.0,2,2,N,N,none given,@@@@@,N
6.4,8,23.4876,8,10.0,1,1,N,N,none given,Multipoint/sequential fuel injection,Y
3.7,6,27.1333,6,15.0,2,2,N,N,Naturally Aspirated,@@@@@,   
2.0,4,36.3569,6,15.0,2,2,N,N,none given,Spark Ignition Direct Injection,   
2.0,4,31.3542,6,10.0,2,2,N,N,none given,Spark Ignition Direct Injection,   
3.0,6,26.4165,7,15.0,2,2,N,N,Supercharged,@@@@@,N
4.6,8,23.552,8,15.0,2,2,N,N,none given,@@@@@,
3.8,6,26.8467,7,10.0,2,2,N,N,Naturally Aspirated,@@@@@,N
3.0,6,30.1701,6,10.0,2,2,N,N,Turbocharged,@@@@@,N
,6,25.263,7,85.0,2,2,N,,Naturally Aspirated,Spark Ignition Direct Injection,N
2.0,4,31.3949,6,10.0,2,2,N,N,none given,Spark Ignition Direct Injection,N
5.5,8,22.9319,7,10.0,2,2,N,,Turbocharged,Spark Ignition Direct Injection,
,8,23.4292,6,85.0,1,1,N,N,Naturally Aspirated,Spark Ignition Direct Injection,Y
,4,34.0888,6,10.0,2,2,N,N,Naturally Aspirated,Spark Ignition Direct Injection,N
3.8,6,25.7642,7,10.0,2,2,N,N,Turbocharged,@@@@@,N
,8,23.9191,6,10.0,1,1,N,N,none given,Spark Ignition Direct Injection,Y
3.0,6,30.8317,8,10.0,2,2,N,N,Turbocharged,Spark Ignition Direct Injection,N
3.0,6,39.0171,8,,2,2,N,N,none given,@@@@@,N
,4,38.8882,7,10.0,2,2,N,N,Naturally Aspirated,Multipoint/sequential fuel injection,N
,6,30.071,6,10.0,2,2,N,N,Naturally Aspirated,Multipoint/sequential fuel injection,
4.6,8,21.3053,6,15.0,2,2,N,N,Naturally Aspirated,Multipoint/sequential fuel injection,   
3.8,6,25.8927,6,10.0,2,2,N,N,none given,@@@@@,N
3.6,6,28.9863,6,85.0,2,2,N,N,Naturally Aspirated,Spark Ignition Direct Injection,   
,4,31.1683,1,10.0,2,2,N,N,Naturally Aspirated,Multipoint/sequential fuel injection,N
3.4,6,28.0884,7,10.0,2,2,N,Y,none given,@@@@@,N
3.5,6,32.1877,7,10.0,2,2,N,N,none given,Multipoint/sequential fuel injection,   
3.0,6,36.8664,8,,2,2,N,N,none given,Common Rail Direct Diesel Injection,
1.4,4,36.4714,6,10.0,2,2,N,N,Turbocharged,@@@@@,N
2.0,4,35.8588,8,10.0,2,2,N,N,none given,Spark Ignition Direct Injection,N
3.5,6,32.3693,6,10.0,2,2,N,N,none given,Multipoint/sequential fuel injection,
1.6,4,31.6054,6,10.0,2,2,N,Y,Turbocharged,Spark Ignition Direct Injection,
,4,41.3417,6,10.0,2,2,N,Y,none given,Spark Ignition Direct Injection,
3.0,6,25.1945,7,10.0,2,2,N,N,Turbocharged,@@@@@,   
3.7,6,27.893,7,10.0,2,2,N,N,Naturally Aspirated,@@@@@,N
,6,24.9505,6,10.0,2,2,N,N,Naturally Aspirated,Spark Ignition Direct Injection,N
5.7,8,18.5388,6,85.0,2,2,N,N,Naturally Aspirated,Multipoint/sequential fuel injection,N
,4,36.0136,6,10.0,2,2,N,N,Naturally Aspirated,Spark Ignition Direct Injection,
1.8,4,39.3042,5,15.0,2,2,N,N,none given,Spark Ignition Direct Injection,N
1.8,4,37.1407,6,15.0,2,2,N,N,none given,Spark Ignition Direct Injection,   
3.0,6,25.0428,8,10.0,2,2,N,Y,none given,Spark Ignition Direct Injection,   
,6,28.6582,8,15.0,2,2,N,N,Naturally Aspirated,Spark Ignition direct & ported injection,N
4.7,8,20.5806,7,10.0,2,2,N,N,Naturally Aspirated,@@@@@,N
2.0,4,29.7169,6,15.0,2,2,N,N,none given,Spark Ignition Direct Injection,N
3.0,6,24.1988,8,10.0,2,2,N,Y,none given,Spark Ignition Direct Injection,
2.0,4,32.4015,6,10.0,2,2,N,Y,none given,Spark Ignition Direct Injection,   
3.8,6,27.3812,7,10.0,2,2,N,N,Naturally Aspirated,@@@@@,N
3.0,6,31.5042,8,10.0,2,2,N,N,none given,Spark Ignition Direct Injection,N
2.0,4,34.7884,8,10.0,2,2,N,N,none given,@@@@@,   
,6,22.577,6,10.0,2,2,N,N,Naturally Aspirated,Spark Ignition Direct Injection,N
4.4,8,24.9737,8,10.0,2,2,N,N,Turbocharged,@@@@@,N
5.2,10,20.2436,7,15.0,2,2,N,N,none given,@@@@@,Y
3.5,6,27.925,6,15.0,2,2,N,N,Naturally Aspirated,Spark Ignition direct & ported injection,N
,4,30.8919,6,15.0,2,2,N,N,Turbocharged,Spark Ignition Direct Injection,N
4.4,8,23.7426,8,10.0,2,2,N,N,Turbocharged,@@@@@,   
3.0,6,25.0855,7,10.0,2,2,N,N,Turbocharged,Spark Ignition Direct Injection,   
,6,26.1804,6,15.0,2,2,N,N,Naturally Aspirated,Multipoint/sequential fuel injection,N
,6,29.8923,8,10.0,2,2,N,N,none given,Multipoint/sequential fuel injection,N
2.0,4,46.2043,8,,2,2,N,N,Turbocharged,@@@@@,
,6,27.4553,8,10.0,2,2,N,,none given,Spark Ignition Direct Injection,   
3.4,6,28.9841,7,10.0,2,2,N,Y,Naturally Aspirated,@@@@@,   
3.8,6,26.9652,7,10.0,2,2,N,Y,Naturally Aspirated,@@@@@,N
3.0,6,28.9989,8,,2,2,N,N,none given,Common Rail Direct Diesel Injection,   
,6,25.4694,8,10.0,2,2,N,N,Turbocharged,@@@@@,N
1.6,4,31.8522,6,10.0,2,2,N,Y,Turbocharged,Spark Ignition Direct Injection,
5.5,8,23.1471,7,10.0,2,2,N,,none given,Spark Ignition Direct Injection,   
2.5,5,30.5489,6,10.0,2,2,N,N,none given,Multipoint/sequential fuel injection,
,8,22.3814,8,10.0,1,1,N,N,Naturally Aspirated,Spark Ignition Direct Injection,Y
2.0,4,36.2994,6,85.0,2,2,N,N,none given,Multipoint/sequential fuel injection,   
,4,38.547,6,10.0,2,2,N,N,none given,Multipoint/sequential fuel injection,N
3.0,6,27.0634,6,10.0,2,2,N,N,none given,Multipoint/sequential fuel injection,
1.6,4,41.3224,6,10.0,2,2,N,N,none given,Spark Ignition Direct Injection,   
3.8,8,23.8458,7,10.0,2,2,N,Y,Turbocharged,@@@@@,N
2.5,4,39.7459,6,10.0,2,2,N,N,Naturally Aspirated,Multipoint/sequential fuel injection,   
3.6,6,28.0689,6,10.0,2,2,N,N,none given,Spark Ignition Direct Injection,N
,4,29.3454,8,10.0,2,2,N,N,Turbocharged+Supercharged,Spark Ignition Direct Injection,   
3.0,6,27.3539,8,10.0,2,2,N,N,Turbocharged,@@@@@,
2.4,4,32.2322,6,10.0,2,2,N,N,none given,Spark Ignition Direct Injection,   
,6,21.7078,6,15.0,2,2,N,Y,Turbocharged,Spark Ignition Direct Injection,   
3.0,6,28.3245,8,15.0,2,2,N,Y,Supercharged,@@@@@,   
,6,33.1162,8,,2,2,N,N,Turbocharged,@@@@@,N
,4,29.1587,9,15.0,2,2,N,Y,Turbocharged,Spark Ignition Direct Injection,N
2.0,4,29.5284,6,15.0,2,2,N,N,Turbocharged,@@@@@,N
3.4,6,32.6906,7,10.0,2,2,N,Y,Naturally Aspirated,@@@@@,N
,4,30.9621,6,15.0,2,2,N,Y,Turbocharged,@@@@@,N
,6,23.763,6,10.0,2,2,N,N,none given,Spark Ignition Direct Injection,N
2.0,4,40.6667,8,10.0,2,2,N,Y,none given,Spark Ignition Direct Injection,
1.5,4,46.0738,6,10.0,2,2,N,N,none given,@@@@@,   
,4,36.7597,7,10.0,2,2,N,N,Supercharged,Multipoint/sequential fuel injection,
2.0,4,35.7394,7,10.0,2,2,N,N,none given,Spark Ignition Direct Injection,N
,4,34.2039,5,10.0,2,2,N,N,Naturally Aspirated,Multipoint/sequential fuel injection,N
2.0,4,33.7222,6,15.0,2,2,N,N,Turbocharged,Spark Ignition Direct Injection,   
,4,26.7546,6,10.0,2,2,N,N,Turbocharged,Spark Ignition Direct Injection,N
1.4,4,40.8578,6,10.0,2,2,N,N,Turbocharged,@@@@@,
4.7,8,24.7318,7,10.0,2,2,N,,none given,Spark Ignition Direct Injection,N
4.3,6,24.2609,6,85.0,1,1,N,N,Naturally Aspirated,@@@@@,Y
,6,27.9311,7,10.0,2,2,N,Y,Naturally Aspirated,@@@@@,N
1.4,4,40.4989,5,10.0,2,2,N,N,Turbocharged,@@@@@,N
2.4,4,29.8745,6,10.0,2,2,N,N,Naturally Aspirated,@@@@@,N
3.5,6,28.5768,8,15.0,2,2,N,Y,none given,Spark Ignition direct & ported injection,   
,6,24.1231,6,15.0,2,2,N,Y,Supercharged,@@@@@,N
3.6,6,29.8923,8,85.0,2,2,N,N,Naturally Aspirated,Multipoint/sequential fuel injection,
2.0,4,37.4744,6,10.0,2,2,N,Y,Naturally Aspirated,Spark Ignition Direct Injection,   
,4,29.7663,6,85.0,2,2,N,N,Naturally Aspirated,Multipoint/sequential fuel injection,N
,8,21.2378,8,10.0,1,1,N,N,Naturally Aspirated,Spark Ignition Direct Injection,Y
2.4,4,33.4779,9,10.0,2,2,N,N,none given,Multipoint/sequential fuel injection,N
3.6,6,28.5088,6,15.0,2,2,N,N,Naturally Aspirated,Spark Ignition Direct Injection,   
,4,34.2582,8,15.0,2,2,N,N,none given,Spark Ignition direct & ported injection,N
2.0,4,35.7883,6,10.0,2,2,N,N,Turbocharged,Spark Ignition Direct Injection,   
3.0,6,30.722,8,10.0,2,2,N,N,Turbocharged,@@@@@,N
5.7,8,18.7055,6,15.0,2,2,N,N,Naturally Aspirated,@@@@@,N
3.5,6,26.5587,6,85.0,2,2,N,N,Naturally Aspirated,Multipoint/sequential fuel injection,N
,8,21.06,6,15.0,2,2,N,N,Naturally Aspirated,@@@@@,N
1.5,4,47.3206,6,10.0,2,2,N,N,none given,Spark Ignition Direct Injection,   
4.7,8,19.9146,6,10.0,2,2,N,Y,Naturally Aspirated,@@@@@,N
3.8,6,27.678,7,10.0,2,2,N,N,Naturally Aspirated,@@@@@,N
3.0,6,31.4377,8,,2,2,N,N,Turbocharged,Common Rail Direct Diesel Injection,N
2.0,4,30.2321,7,10.0,2,2,N,N,none given,Spark Ignition Direct Injection,N
6.0,12,19.4794,7,10.0,2,1,N,,Turbocharged,Multipoint/sequential fuel injection,   
3.0,6,31.0006,7,10.0,2,2,N,,none given,Spark Ignition Direct Injection,   
2.0,4,36.4494,7,10.0,2,2,N,,none given,Spark Ignition Direct Injection,N
3.5,6,30.7316,7,85.0,2,2,N,,none given,Spark Ignition Direct Injection,
,8,20.7274,8,10.0,2,2,N,N,Turbocharged,Spark Ignition Direct Injection,N
2.5,4,41.8183,7,10.0,2,2,N,N,Naturally Aspirated,Multipoint/sequential fuel injection,   
,8,22.3814,8,10.0,1,1,N,N,Naturally Aspirated,Spark Ignition Direct Injection,Y
3.0,6,27.0634,6,10.0,2,2,N,N,Turbocharged,Multipoint/sequential fuel injection,
3.8,6,27.4358,7,10.0,2,2,N,N,Naturally Aspirated,@@@@@,N
6.0,12,20.4316,8,10.0,2,2,N,N,Naturally Aspirated,@@@@@,N
2.0,4,38.8168,6,10.0,2,2,N,N,none given,Spark Ignition Direct Injection,N
3.8,6,23.7318,6,10.0,2,2,N,,none given,Multipoint/sequential fuel injection,N
,6,30.722,8,10.0,2,2,N,N,Turbocharged,Spark Ignition Direct Injection,
5.3,8,23.2231,8,10.0,1,1,N,N,Naturally Aspirated,Spark Ignition Direct Injection,Y
4.4,8,24.9737,8,10.0,2,2,N,N,none given,Spark Ignition Direct Injection,N
2.0,4,32.9102,8,10.0,2,2,N,N,none given,Spark Ignition Direct Injection,   
,4,43.5134,6,15.0,2,2,N,N,none given,Multipoint/sequential fuel injection,N
4.8,8,23.5293,7,10.0,2,2,N,,none given,Spark Ignition Direct Injection,   
1.8,4,42.6986,7,15.0,2,2,N,Y,Naturally Aspirated,@@@@@,
2.5,4,38.8263,7,10.0,2,2,N,N,Supercharged,@@@@@,
,6,27.0717,8,10.0,2,2,N,Y,Turbocharged,Spark Ignition Direct Injection,N
,4,34.8913,6,10.0,2,2,N,N,Naturally Aspirated,@@@@@,N
2.5,4,43.137,6,10.0,2,2,N,N,none given,Spark Ignition Direct Injection,
,4,32.32,6,15.0,2,2,N,Y,Naturally Aspirated,@@@@@,N
,4,46.6393,6,10.0,2,2,N,N,Turbocharged,Spark Ignition Direct Injection,N
,8,22.6993,7,10.0,2,2,N,Y,Turbocharged,Multipoint/sequential fuel injection,N
3.6,6,24.9612,8,15.0,2,2,N,N,none given,Spark Ignition Direct Injection,N
,8,20.0593,8,15.0,2,2,N,Y,Supercharged,Spark Ignition Direct Injection,   
1.4,4,35.694,6,10.0,2,2,N,N,none given,Multipoint/sequential fuel injection,N
3.0,6,31.5042,8,10.0,2,2,N,N,Turbocharged,Spark Ignition Direct Injection,   
,12,18.4432,8,10.0,2,2,N,Y,none given,Spark Ignition Direct Injection,N
1.5,4,44.938,5,15.0,2,2,N,N,none given,Multipoint/sequential fuel injection,   
,6,27.1345,8,10.0,2,2,N,N,Turbocharged,Spark Ignition Direct Injection,   
1.8,4,39.4158,5,10.0,2,2,N,N,none given,Multipoint/sequential fuel injection,   
2.0,4,29.9289,6,10.0,2,2,N,N,Turbocharged,Spark Ignition Direct Injection,   
,6,29.3442,6,10.0,2,2,N,N,Naturally Aspirated,Multipoint/sequential fuel injection,N
2.5,4,39.0686,6,10.0,2,2,N,Y,none given,Spark Ignition Direct Injection,N
3.5,6,30.0445,8,15.0,2,2,N,Y,none given,Spark Ignition direct & ported injection,
,6,24.6108,8,15.0,2,2,N,Y,Supercharged,Spark Ignition Direct Injection,   
2.0,4,41.8682,6,10.0,2,2,N,N,none given,@@@@@,
3.9,8,24.0347,7,10.0,2,2,N,Y,none given,@@@@@,N
5.0,8,22.7512,8,15.0,2,2,N,Y,Supercharged,@@@@@,
1.5,3,41.3187,6,10.0,2,2,N,Y,none given,@@@@@,   
,6,25.3471,7,10.0,2,2,N,N,Turbocharged,Spark Ignition Direct Injection,   
3.7,6,28.5587,6,15.0,2,2,N,N,Naturally Aspirated,@@@@@,N
2.0,4,32.2641,9,10.0,2,2,N,N,Turbocharged,@@@@@,N
,4,29.9288,6,10.0,2,2,N,N,Turbocharged,Spark Ignition Direct Injection,N
2.0,4,34.7884,8,10.0,2,2,N,N,Turbocharged,Spark Ignition Direct Injection,   
1.6,4,38.6695,6,15.0,2,2,N,N,none given,Spark Ignition Direct Injection,   
2.4,4,51.5229,6,10.0,2,2,N,N,none given,@@@@@,
2.0,4,36.5584,5,10.0,2,2,N,Y,none given,Multipoint/sequential fuel injection,
2.4,4,30.7928,6,10.0,2,2,N,N,none given,Spark Ignition Direct Injection,   
,6,25.8034,6,15.0,2,2,N,N,Naturally Aspirated,Multipoint/sequential fuel injection,   
4.7,8,26.8436,7,10.0,2,2,N,,none given,Spark Ignition Direct Injection,   
5.7,8,20.4256,6,10.0,1,1,N,N,Naturally Aspirated,Multipoint/sequential fuel injection,Y
2.0,4,28.5339,6,10.0,2,2,N,N,Turbocharged,Spark Ignition Direct Injection,N
6.7,12,17.4989,8,10.0,2,2,N,N,none given,Spark Ignition Direct Injection,N
2.0,4,33.2017,6,15.0,2,2,N,N,none given,Spark Ignition Direct Injection,N
3.5,6,25.4725,6,15.0,2,2,N,N,none given,Spark Ignition Direct Injection,N
3.8,6,28.921,7,10.0,2,2,N,Y,Naturally Aspirated,@@@@@,N
3.6,6,30.168,9,85.0,2,2,N,N,none given,@@@@@,N
1.6,4,37.6194,6,10.0,2,2,N,N,none given,Spark Ignition Direct Injection,N
2.0,4,34.3094,6,15.0,2,2,N,N,Turbocharged,@@@@@,   
,8,21.8546,6,15.0,2,2,N,N,none given,Multipoint/sequential fuel injection,N
1.6,4,38.1848,7,15.0,2,2,N,N,Turbocharged,Spark Ignition Direct Injection,
3.0,6,29.5465,7,10.0,2,2,N,N,none given,@@@@@,N
3.5,6,32.5607,6,15.0,2,2,N,N,Naturally Aspirated,Multipoint/sequential fuel injection,
3.5,6,41.6347,8,15.0,2,2,N,N,none given,Spark Ignition direct & ported injection,
,8,20.5806,7,10.0,2,2,N,N,Naturally Aspirated,@@@@@,N
2.4,4,36.5912,9,10.0,2,2,N,N,none given,@@@@@,N
3.8,6,28.1856,8,10.0,2,2,N,N,none given,Spark Ignition Direct Injection,
6.4,8,23.4876,8,10.0,1,1,N,N,none given,Multipoint/sequential fuel injection,Y
6.6,12,18.7023,8,10.0,2,2,N,N,Turbocharged,Spark Ignition Direct Injection,
5.7,8,23.1399,6,10.0,1,1,N,N,none given,Multipoint/sequential fuel injection,N
,8,19.5485,6,10.0,2,2,N,N,Supercharged,Multipoint/sequential fuel injection,N
4.8,8,23.7927,7,10.0,2,2,N,,Turbocharged,@@@@@,
5.0,8,22.8165,6,85.0,2,2,N,N,none given,Multipoint/sequential fuel injection,N
,6,30.622,7,10.0,2,2,N,N,Naturally Aspirated,Multipoint/sequential fuel injection,N
3.8,6,28.6337,7,10.0,2,2,N,Y,Naturally Aspirated,@@@@@,   
2.5,4,54.8519,1,15.0,2,2,N,Y,Naturally Aspirated,@@@@@,
3.5,6,24.2977,6,15.0,2,2,N,Y,none given,Multipoint/sequential fuel injection,N
4.4,8,24.9615,8,10.0,2,2,N,Y,Turbocharged,Spark Ignition Direct Injection,
,4,31.6705,9,10.0,2,2,N,N,Naturally Aspirated,Multipoint/sequential fuel injection,N
3.4,6,28.8146,6,10.0,2,2,N,Y,none given,@@@@@,   
,4,40.2056,6,10.0,2,2,N,N,none given,Multipoint/sequential fuel injection,N
,8,22.9366,6,85.0,1,1,N,N,Naturally Aspirated,Spark Ignition Direct Injection,Y
2.0,4,33.8583,5,10.0,2,2,N,N,Naturally Aspirated,Multipoint/sequential fuel injection,   
2.0,4,35.359,8,10.0,2,2,N,N,Turbocharged,@@@@@,   
1.8,4,46.0818,1,10.0,2,2,N,N,Naturally Aspirated,Multipoint/sequential fuel injection,
,8,22.0572,6,10.0,2,2,N,N,Turbocharged,@@@@@,N
3.6,6,27.1227,6,10.0,2,2,N,N,none given,Spark Ignition Direct Injection,
2.0,4,59.6009,1,15.0,2,2,N,N,none given,Multipoint/sequential fuel injection,   
2.0,4,35.359,8,10.0,2,2,N,N,none given,Spark Ignition Direct Injection,   
5.3,8,23.9658,6,85.0,1,1,N,N,none given,Spark Ignition Direct Injection,Y
5.0,8,22.6895,8,10.0,2,2,N,N,Naturally Aspirated,Spark Ignition Direct Injection,   
3.8,6,25.7642,7,10.0,2,2,N,N,Turbocharged,@@@@@,N
2.4,4,30.8233,6,10.0,2,2,N,N,none given,Multipoint/sequential fuel injection,N
1.8,4,39.4158,5,10.0,2,2,N,N,Naturally Aspirated,Multipoint/sequential fuel injection,
5.3,8,25.8816,8,10.0,1,1,N,N,Naturally Aspirated,Spark Ignition Direct Injection,Y
,8,22.9366,6,10.0,1,1,N,N,none given,Spark Ignition Direct Injection,Y
,8,22.0201,8,10.0,1,1,N,N,Naturally Aspirated,@@@@@,Y
1.6,4,39.8798,4,10.0,2,2,N,N,none given,Multipoint/sequential fuel injection,N
,8,23.1232,7,10.0,2,2,N,Y,Turbocharged,@@@@@,N
3.8,6,24.3456,8,10.0,2,2,N,N,Naturally Aspirated,Spark Ignition Direct Injection,N
3.0,6,24.1231,6,15.0,2,2,N,Y,Supercharged,@@@@@,N
,8,23.5269,8,10.0,1,1,N,N,Naturally Aspirated,Spark Ignition Direct Injection,Y
3.6,6,27.1227,6,10.0,2,2,N,N,Naturally Aspirated,Spark Ignition Direct Injection,
,6,24.887,6,10.0,2,2,N,N,Naturally Aspirated,@@@@@,N
1.8,4,39.083,6,15.0,2,2,N,N,none given,Spark Ignition Direct Injection,N
1.8,4,58.9105,1,15.0,2,2,N,Y,Naturally Aspirated,Multipoint/sequential fuel injection,
,8,19.7604,7,10.0,2,2,N,,Turbocharged,Spark Ignition Direct Injection,N
3.8,6,21.6822,7,10.0,2,2,N,N,Naturally Aspirated,@@@@@,N
1.8,4,40.9182,6,15.0,2,2,N,Y,Naturally Aspirated,@@@@@,
,4,37.4408,6,10.0,2,2,N,N,none given,Multipoint/sequential fuel injection,   
,4,30.8707,6,10.0,2,2,N,N,Naturally Aspirated,Spark Ignition Direct Injection,N
,12,21.3382,8,10.0,2,2,N,N,Naturally Aspirated,@@@@@,N
,4,41.1988,6,10.0,2,2,N,Y,none given,Multipoint/sequential fuel injection,
2.4,4,39.3024,6,10.0,2,2,N,Y,none given,Spark Ignition Direct Injection,   
4.0,6,22.3336,5,10.0,2,2,N,N,none given,Multipoint/sequential fuel injection,
3.4,6,28.7688,7,10.0,2,2,N,N,none given,@@@@@,   
1.0,3,46.9885,6,15.0,2,2,N,N,none given,Spark Ignition Direct Injection,   
,6,30.2138,9,10.0,2,2,N,N,none given,Multipoint/sequential fuel injection,N
,6,30.2755,8,10.0,2,2,N,N,Turbocharged,@@@@@,N
5.0,8,22.6459,8,10.0,2,2,N,N,Naturally Aspirated,Spark Ignition Direct Injection,   
1.4,4,33.1552,6,10.0,2,2,N,N,Turbocharged,@@@@@,
3.0,6,26.8876,7,10.0,2,2,N,,Turbocharged,Spark Ignition Direct Injection,
1.4,4,45.9695,5,10.0,2,2,N,N,Naturally Aspirated,@@@@@,N
3.0,6,28.5121,6,10.0,2,2,N,N,Turbocharged,@@@@@,N
1.4,4,37.529,6,10.0,2,2,N,N,Turbocharged,Multipoint/sequential fuel injection,   
3.0,6,24.4063,6,15.0,2,2,N,N,Supercharged,Spark Ignition Direct Injection,N
1.6,4,38.3493,7,10.0,2,2,N,Y,Turbocharged,Spark Ignition Direct Injection,   
3.5,6,30.8483,6,10.0,2,2,N,N,none given,Spark Ignition Direct Injection,Y
,4,29.3225,6,10.0,2,2,N,N,Naturally Aspirated,Spark Ignition Direct Injection,N
5.3,8,25.8816,8,10.0,1,1,N,N,Naturally Aspirated,Spark Ignition Direct Injection,Y
1.6,4,32.3213,6,10.0,2,2,N,Y,none given,Spark Ignition Direct Injection,   
,8,21.702,8,10.0,1,1,N,N,Naturally Aspirated,Multipoint/sequential fuel injection,Y
1.8,4,37.6361,6,10.0,2,2,N,N,none given,Multipoint/sequential fuel injection,
2.0,4,34.184,6,10.0,2,2,N,N,Turbocharged,Spark Ignition Direct Injection,   
,4,29.3225,6,10.0,2,2,N,N,none given,Spark Ignition Direct Injection,N
3.6,6,21.7336,6,10.0,2,2,N,N,Naturally Aspirated,Spark Ignition Direct Injection,N
3.4,6,29.5284,6,10.0,2,2,N,Y,none given,@@@@@,N
3.0,6,24.9252,8,15.0,2,2,N,N,none given,Spark Ignition Direct Injection,N
,8,24.7961,8,15.0,2,2,N,N,none given,Spark Ignition direct & ported injection,
3.6,6,25.6629,6,10.0,2,2,N,Y,none given,Multipoint/sequential fuel injection,N
5.7,8,21.6422,8,10.0,1,1,N,N,Naturally Aspirated,@@@@@,Y
,8,17.0498,7,10.0,2,2,N,,Turbocharged,Spark Ignition Direct Injection,N
,4,29.8465,8,10.0,2,2,N,N,Turbocharged,Spark Ignition Direct Injection,N
4.7,8,24.655,7,10.0,2,2,N,,Turbocharged,@@@@@,   
3.6,6,26.1655,6,85.0,2,2,N,N,none given,Spark Ignition Direct Injection,N
,4,38.9115,6,10.0,2,2,N,Y,none given,Spark Ignition Direct Injection,
,8,19.4738,7,10.0,2,2,N,,Turbocharged,@@@@@,N
1.6,4,32.3286,6,15.0,2,2,N,N,none given,Spark Ignition Direct Injection,N
,4,40.7139,6,10.0,2,2,N,N,none given,Spark Ignition Direct Injection,N
3.6,6,25.6932,6,10.0,2,2,N,N,Naturally Aspirated,@@@@@,N
1.4,4,47.363,1,10.0,2,2,N,N,none given,@@@@@,N
,4,27.5021,6,15.0,2,2,N,N,none given,Spark Ignition Direct Injection,N
3.8,8,22.0647,8,10.0,2,2,N,Y,Turbocharged,Spark Ignition Direct Injection,
3.5,6,31.6963,7,10.0,2,2,N,N,none given,@@@@@,   
,6,27.4482,6,10.0,2,2,N,N,none given,Spark Ignition Direct Injection,Y
3.5,6,28.1409,9,10.0,2,2,N,N,Naturally Aspirated,Spark Ignition Direct Injection,Y
2.5,4,25.0571,5,10.0,2,2,N,N,Naturally Aspirated,Multipoint/sequential fuel injection,   
3.6,6,29.2127,8,10.0,2,2,N,N,Naturally Aspirated,Spark Ignition Direct Injection,   
4.4,8,25.485,8,10.0,2,2,N,N,Turbocharged,Spark Ignition Direct Injection,   
4.4,8,22.0572,6,10.0,2,2,N,N,Turbocharged,@@@@@,N
2.8,4,33.032,6,,2,2,N,N,Turbocharged,@@@@@,
2.0,4,34.2582,8,15.0,2,2,N,N,Turbocharged,Spark Ignition direct & ported injection,N
4.0,8,23.6182,8,15.0,2,2,N,N,none given,Spark Ignition Direct Injection,Y
3.6,6,28.1669,7,10.0,2,2,N,,Naturally Aspirated,@@@@@,
,4,27.4306,5,10.0,2,2,N,N,Naturally Aspirated,Multipoint/sequential fuel injection,
1.6,4,32.565,6,15.0,2,2,N,N,Turbocharged,Spark Ignition Direct Injection,   
2.0,4,46.0415,6,10.0,2,2,N,Y,none given,Spark Ignition Direct Injection,N
1.8,4,38.567,6,15.0,2,2,N,N,Turbocharged,Spark Ignition Direct Injection,
3.0,6,31.5042,8,10.0,2,2,N,N,Turbocharged,@@@@@,N
3.9,8,23.1232,7,10.0,2,2,N,Y,Turbocharged,@@@@@,N
3.4,6,27.5924,7,10.0,2,2,N,Y,none given,@@@@@,   
,6,32.3839,8,,2,2,N,Y,none given,Common Rail Direct Diesel Injection,N
,4,38.5928,6,10.0,2,2,N,N,Naturally Aspirated,Multipoint/sequential fuel injection,   
,8,23.5286,7,10.0,2,2,N,Y,Turbocharged,@@@@@,N
,6,28.5257,9,10.0,2,2,Y,N,Naturally Aspirated,Multipoint/sequential fuel injection,N
2.0,4,32.6193,6,15.0,2,2,N,N,none given,Spark Ignition Direct Injection,N
1.4,4,40.8578,6,10.0,2,2,N,N,none given,Multipoint/sequential fuel injection,N
3.5,6,25.6832,6,15.0,2,2,N,N,none given,Multipoint/sequential fuel injection,
2.0,4,34.817,6,10.0,2,2,N,N,Turbocharged,@@@@@,N
3.0,6,28.3804,7,10.0,2,2,N,Y,none given,Spark Ignition Direct Injection,   
2.0,4,31.524,6,10.0,2,2,N,N,none given,@@@@@,N
3.5,6,29.9106,9,10.0,2,2,N,N,Naturally Aspirated,Spark Ignition Direct Injection,   
,6,24.3967,6,10.0,2,2,N,N,Naturally Aspirated,Spark Ignition Direct Injection,N
3.4,6,31.5932,7,10.0,2,2,N,Y,Naturally Aspirated,@@@@@,N
3.0,6,23.567,6,15.0,2,2,N,Y,Supercharged,@@@@@,N
1.8,4,38.9275,5,15.0,2,2,N,N,none given,Spark Ignition Direct Injection,   
,5,28.1632,6,10.0,2,2,N,N,Turbocharged,Multipoint/sequential fuel injection,N
3.5,6,29.1837,6,15.0,2,2,N,N,Naturally Aspirated,Multipoint/sequential fuel injection,   
5.7,8,19.5895,6,10.0,1,1,N,N,Naturally Aspirated,Multipoint/sequential fuel injection,Y
3.6,6,28.0295,8,10.0,2,2,N,N,Naturally Aspirated,Spark Ignition Direct Injection,   
2.0,4,33.1491,8,10.0,2,2,N,Y,Turbocharged+Supercharged,Spark Ignition Direct Injection,   
2.0,4,35.4975,8,10.0,2,2,N,N,Turbocharged,@@@@@,N
4.0,8,26.2333,7,10.0,2,2,N,,none given,Spark Ignition Direct Injection,N
4.7,8,26.033,9,10.0,2,2,N,,none given,Spark Ignition Direct Injection,N
2.0,4,30.5942,6,15.0,2,2,N,N,Turbocharged,Spark Ignition Direct Injection,N
2.5,4,38.9219,6,10.0,2,2,N,N,Naturally Aspirated,Spark Ignition Direct Injection,   
,6,29.5685,6,10.0,2,2,N,N,Naturally Aspirated,Multipoint/sequential fuel injection,   
5.3,8,23.2683,6,10.0,1,1,N,N,Naturally Aspirated,Spark Ignition Direct Injection,Y
3.8,6,27.3812,7,10.0,2,2,N,N,Naturally Aspirated,@@@@@,N
2.0,4,40.6667,8,10.0,2,2,N,Y,none given,Spark Ignition Direct Injection,N
3.0,6,30.0196,6,10.0,2,2,N,N,Turbocharged,Spark Ignition Direct Injection,N
,6,33.7698,8,,2,2,N,N,Turbocharged,Common Rail Direct Diesel Injection,N
3.6,6,27.3649,6,10.0,2,2,N,N,Naturally Aspirated,Spark Ignition Direct Injection,   
,8,23.8945,6,85.0,1,1,N,N,none given,Spark Ignition Direct Injection,Y
,6,31.1365,9,10.0,2,2,N,N,Naturally Aspirated,Multipoint/sequential fuel injection,N
3.0,6,23.567,6,15.0,2,2,N,Y,Supercharged,@@@@@,N
2.0,4,35.359,8,10.0,2,2,N,N,Turbocharged,Spark Ignition Direct Injection,N
,4,31.4223,6,15.0,2,2,N,Y,Turbocharged,Spark Ignition direct & ported injection,   
,4,37.0547,6,10.0,2,2,N,N,none given,Spark Ignition Direct Injection,
1.8,4,40.9289,6,10.0,2,2,N,N,none given,Multipoint/sequential fuel injection,
,4,36.0919,1,10.0,2,2,N,N,Naturally Aspirated,Multipoint/sequential fuel injection,   
1.8,4,39.4295,6,10.0,2,2,N,N,none given,Multipoint/sequential fuel injection,
2.7,6,26.659,6,15.0,2,2,N,N,Turbocharged,Spark Ignition Direct Injection,N
5.3,8,23.9906,6,10.0,1,1,N,N,Naturally Aspirated,Spark Ignition Direct Injection,   
3.5,6,30.429,7,85.0,2,2,N,,none given,@@@@@,
3.5,6,42.0623,7,10.0,2,2,N,N,none given,Multipoint/sequential fuel injection,
2.8,4,33.032,6,,2,2,N,N,none given,Direct Diesel Injection (non-common rail),
3.8,8,22.6993,7,10.0,2,2,N,Y,Turbocharged,Multipoint/sequential fuel injection,N
,6,28.1137,8,10.0,2,2,N,N,Naturally Aspirated,Multipoint/sequential fuel injection,N
,4,33.8504,7,10.0,2,2,N,N,none given,Spark Ignition Direct Injection,   
,4,36.4714,6,10.0,2,2,N,N,Turbocharged,@@@@@,N
1.6,4,37.1622,6,10.0,2,2,N,N,none given,Spark Ignition Direct Injection,N
1.6,4,41.3746,5,15.0,2,2,N,N,Naturally Aspirated,@@@@@,N
2.4,4,35.71,6,10.0,2,2,N,N,none given,Spark Ignition Direct Injection,   
1.5,3,43.0468,6,10.0,2,2,N,N,Turbocharged,Spark Ignition Direct Injection,N
,4,33.001,8,10.0,2,2,N,N,Turbocharged,Spark Ignition Direct Injection,   
5.7,8,18.9828,6,15.0,2,2,N,N,Naturally Aspirated,Multipoint/sequential fuel injection,N
1.8,4,61.4574,1,10.0,2,2,N,N,none given,Spark Ignition Direct Injection,N
,4,56.3403,6,10.0,2,2,N,N,none given,Spark Ignition Direct Injection,
3.0,6,26.988,6,10.0,2,2,N,Y,none given,@@@@@,N
1.6,4,35.1626,6,15.0,2,2,N,N,Turbocharged,Spark Ignition Direct Injection,   
2.5,4,44.8342,6,15.0,2,2,N,N,Naturally Aspirated,Multipoint/sequential fuel injection,   
,6,29.1735,9,10.0,2,2,N,N,Naturally Aspirated,@@@@@,Y
1.4,4,35.3856,6,10.0,2,2,N,N,Turbocharged,Multipoint/sequential fuel injection,N
6.0,8,15.7566,6,10.0,1,1,N,N,none given,Multipoint/sequential fuel injection,N
,6,26.8876,7,10.0,2,2,N,,Turbocharged,Spark Ignition Direct Injection,
,8,23.0686,6,85.0,1,1,N,N,Naturally Aspirated,@@@@@,Y
1.6,4,34.991,6,10.0,2,2,N,N,none given,Spark Ignition Direct Injection,   
2.0,4,33.5228,6,15.0,2,2,N,N,none given,@@@@@,   
2.0,4,36.9738,8,10.0,2,2,N,Y,Turbocharged,@@@@@,N
,5,28.1632,6,10.0,2,2,N,N,Turbocharged,Multipoint/sequential fuel injection,N
1.8,4,37.1407,6,15.0,2,2,N,N,Turbocharged,Spark Ignition Direct Injection,N
5.5,8,23.9504,7,10.0,2,2,N,,none given,@@@@@,N
,6,21.4598,6,15.0,2,2,N,Y,Turbocharged,Spark Ignition Direct Injection,N
1.6,4,38.8602,6,10.0,2,2,N,N,none given,Spark Ignition Direct Injection,N
2.0,4,40.96,6,10.0,2,2,N,Y,none given,Multipoint/sequential fuel injection,
,6,23.9079,5,15.0,2,2,N,N,Naturally Aspirated,@@@@@,N
6.3,12,16.2512,7,10.0,2,2,N,Y,none given,Spark Ignition Direct Injection,
3.6,6,24.8373,6,15.0,2,2,N,N,none given,@@@@@,N
3.0,6,40.5462,8,,2,2,N,N,none given,Common Rail Direct Diesel Injection,   
2.0,4,37.0863,6,10.0,2,2,N,N,Naturally Aspirated,@@@@@,N
2.4,4,39.4406,7,10.0,2,2,N,N,none given,@@@@@,
1.8,4,37.6361,6,10.0,2,2,N,N,none given,Multipoint/sequential fuel injection,N
,4,30.5524,6,10.0,2,2,N,N,Turbocharged,Spark Ignition Direct Injection,N
4.0,8,23.737,7,10.0,2,2,N,,none given,@@@@@,   
2.0,4,34.1594,8,10.0,2,2,N,N,none given,@@@@@,N
,6,28.3245,8,15.0,2,2,N,Y,Supercharged,@@@@@,N
2.0,4,36.0232,8,10.0,2,2,N,N,none given,Spark Ignition Direct Injection,
3.8,6,28.0306,7,10.0,2,2,N,N,Naturally Aspirated,@@@@@,N
,6,28.1715,9,10.0,2,2,Y,N,Naturally Aspirated,Multipoint/sequential fuel injection,N
2.5,4,33.9441,6,15.0,2,2,N,N,none given,Multipoint/sequential fuel injection,   
,4,27.0543,6,15.0,2,2,N,N,Turbocharged,Spark Ignition Direct Injection,N
1.6,4,42.4116,7,10.0,2,2,N,N,none given,Spark Ignition Direct Injection,
,4,32.4219,6,15.0,2,2,N,N,Turbocharged,Spark Ignition Direct Injection,N
3.0,6,27.812,8,10.0,2,2,N,N,Turbocharged,@@@@@,
1.8,4,36.2224,6,15.0,2,2,N,N,none given,@@@@@,N
3.6,6,27.2124,8,10.0,2,2,N,N,none given,Multipoint/sequential fuel injection,N
,8,21.3254,8,10.0,2,2,N,,none given,Spark Ignition Direct Injection,N
3.0,6,33.686,8,10.0,2,2,N,N,Turbocharged,Spark Ignition Direct Injection,N
1.6,4,34.5467,6,10.0,2,2,N,N,none given,Spark Ignition Direct Injection,N
2.5,5,30.5489,6,10.0,2,2,N,N,none given,@@@@@,N
2.0,4,37.6174,5,10.0,2,2,N,N,Naturally Aspirated,Multipoint/sequential fuel injection,   
,12,18.1658,8,15.0,2,2,N,N,Turbocharged,@@@@@,N
5.0,8,23.5618,6,15.0,2,2,N,N,Naturally Aspirated,@@@@@,N
4.0,8,26.7724,7,15.0,2,2,N,N,none given,Spark Ignition Direct Injection,   
,4,28.5872,6,15.0,2,2,N,N,Naturally Aspirated,Multipoint/sequential fuel injection,N
3.0,6,33.1643,8,10.0,2,2,N,N,none given,Spark Ignition Direct Injection,N
3.0,6,38.1901,8,,2,2,N,N,none given,Common Rail Direct Diesel Injection,N
,8,23.9191,6,10.0,1,1,N,N,Naturally Aspirated,@@@@@,Y
4.4,8,25.485,8,10.0,2,2,N,N,none given,Spark Ignition Direct Injection,N
,6,31.1634,8,,2,2,N,N,none given,Common Rail Direct Diesel Injection,N
2.0,4,34.7884,8,10.0,2,2,N,N,none given,Spark Ignition Direct Injection,N
3.0,6,30.8097,7,10.0,2,2,N,,none given,Spark Ignition Direct Injection,
4.4,8,25.6153,8,10.0,2,2,N,N,Turbocharged,Spark Ignition Direct Injection,   
,8,22.3814,8,10.0,1,1,N,N,Naturally Aspirated,Spark Ignition Direct Injection,   
,8,22.8851,7,10.0,2,2,N,,none given,Spark Ignition Direct Injection,
,8,25.485,8,10.0,2,2,N,N,Turbocharged,@@@@@,N
,6,21.0349,6,15.0,2,2,N,Y,Turbocharged,Spark Ignition Direct Injection,N
,4,42.9466,6,10.0,2,2,N,Y,none given,Spark Ignition Direct Injection,N
4.7,8,26.7073,9,10.0,2,2,N,,none given,Spark Ignition Direct Injection,N
,6,24.3481,8,10.0,2,2,N,N,none given,Spark Ignition Direct Injection,N
2.0,4,34.817,6,10.0,2,2,N,N,Turbocharged,@@@@@,N
3.3,6,29.0083,6,10.0,2,2,N,Y,Naturally Aspirated,Spark Ignition Direct Injection,   
5.0,8,22.9603,6,85.0,2,2,N,N,Naturally Aspirated,@@@@@,N
6.7,12,17.4353,8,10.0,2,2,N,N,none given,@@@@@,N
,8,21.7207,8,10.0,1,1,N,N,Naturally Aspirated,Multipoint/sequential fuel injection,Y
2.0,4,31.4377,8,85.0,2,2,N,N,Turbocharged,@@@@@,   
,4,30.8919,6,15.0,2,2,N,N,Turbocharged,@@@@@,N
2.0,4,39.6509,5,15.0,2,2,N,N,none given,Spark Ignition Direct Injection,N
1.8,4,80.8472,1,15.0,2,2,N,Y,Naturally Aspirated,Multipoint/sequential fuel injection,
1.6,4,36.4112,6,10.0,2,2,N,N,none given,Spark Ignition Direct Injection,N
2.5,4,28.5872,6,85.0,2,2,N,Y,Naturally Aspirated,Multipoint/sequential fuel injection,   
3.8,8,22.6993,7,10.0,2,2,N,Y,Turbocharged,@@@@@,N
2.5,5,29.8385,6,10.0,2,2,N,N,none given,Multipoint/sequential fuel injection,N
6.2,8,24.911,6,10.0,1,1,N,N,Naturally Aspirated,Spark Ignition Direct Injection,Y
2.0,4,33.1767,6,15.0,2,2,N,N,none given,@@@@@,N
1.8,4,41.7113,1,10.0,2,2,N,N,Naturally Aspirated,Multipoint/sequential fuel injection,N
5.0,8,21.5645,6,85.0,2,2,N,N,none given,Multipoint/sequential fuel injection,N
2.0,4,32.6493,8,10.0,2,2,N,N,none given,Spark Ignition Direct Injection,N
3.5,6,28.9732,6,10.0,2,2,N,N,Naturally Aspirated,@@@@@,Y
2.0,4,33.8583,5,10.0,2,2,N,N,Naturally Aspirated,Multipoint/sequential fuel injection,N
2.0,4,35.5079,8,10.0,2,2,N,Y,none given,@@@@@,N
3.5,6,29.0058,8,15.0,2,2,N,N,Naturally Aspirated,Spark Ignition direct & ported injection,   
2.0,4,33.2132,6,15.0,2,2,N,N,none given,Spark Ignition Direct Injection,   
,6,27.5527,7,10.0,2,2,N,N,none given,Spark Ignition Direct Injection,
,4,43.1946,6,10.0,2,2,N,N,none given,Multipoint/sequential fuel injection,
1.5,4,47.3261,7,10.0,2,2,N,N,Naturally Aspirated,@@@@@,
3.6,6,25.9349,6,10.0,2,2,N,N,Naturally Aspirated,@@@@@,N
1.5,4,37.3048,6,15.0,2,2,N,N,none given,@@@@@,
3.9,8,22.8629,7,10.0,2,2,N,Y,Turbocharged,@@@@@,   
,8,20.657,8,15.0,2,2,N,Y,Supercharged,Spark Ignition Direct Injection,N
1.4,4,41.1267,6,10.0,2,2,N,N,none given,Multipoint/sequential fuel injection,N
4.3,6,24.2684,6,85.0,1,1,N,N,Naturally Aspirated,@@@@@,Y
3.0,6,26.1317,6,10.0,2,2,N,N,Turbocharged,Spark Ignition Direct Injection,N
2.4,4,36.5569,6,10.0,2,2,N,N,none given,Multipoint/sequential fuel injection,   
,4,43.9632,1,10.0,2,2,N,,Naturally Aspirated,Multipoint/sequential fuel injection,
2.0,4,33.5308,7,10.0,2,2,N,N,none given,Multipoint/sequential fuel injection,
1.4,4,42.2753,6,10.0,2,2,N,N,none given,Multipoint/sequential fuel injection,
4.4,8,22.0572,6,10.0,2,2,N,N,none given,Spark Ignition Direct Injection,N
2.5,4,32.5198,6,10.0,2,2,N,N,Turbocharged,@@@@@,N
2.0,4,35.1555,7,10.0,2,2,N,N,none given,Multipoint/sequential fuel injection,
3.4,6,31.5932,7,10.0,2,2,N,Y,none given,@@@@@,N
2.0,4,39.6509,5,85.0,2,2,N,N,none given,Spark Ignition Direct Injection,N
3.3,6,26.9606,6,10.0,2,2,N,Y,Naturally Aspirated,@@@@@,N
2.0,4,34.817,6,10.0,2,2,N,N,Turbocharged,Spark Ignition Direct Injection,   
,4,31.7452,8,15.0,2,2,N,Y,none given,Spark Ignition direct & ported injection,
2.0,4,31.5932,6,15.0,2,2,N,N,Turbocharged,Spark Ignition Direct Injection,N
3.0,6,27.2521,8,15.0,2,2,N,Y,Supercharged,@@@@@,N
3.5,6,30.0255,9,10.0,2,2,N,N,Naturally Aspirated,Spark Ignition Direct Injection,   
2.5,4,32.9256,6,15.0,2,2,N,Y,Naturally Aspirated,Multipoint/sequential fuel injection,   
6.3,12,20.9595,8,15.0,2,2,N,N,Naturally Aspirated,@@@@@,
3.0,6,28.8255,8,10.0,2,2,N,N,Turbocharged,Spark Ignition Direct Injection,
,12,16.7727,7,10.0,2,2,N,Y,Naturally Aspirated,@@@@@,N
,6,28.7492,7,10.0,2,2,N,N,Naturally Aspirated,@@@@@,N
5.0,8,23.4292,6,15.0,2,2,N,Y,Naturally Aspirated,@@@@@,N
,4,32.2297,9,10.0,2,2,N,N,Naturally Aspirated,Multipoint/sequential fuel injection,N
2.3,4,33.0657,6,15.0,2,2,N,N,Turbocharged,@@@@@,   
4.4,8,20.5262,7,10.0,2,2,N,N,none given,Spark Ignition Direct Injection,N
3.8,8,22.6993,7,10.0,2,2,N,Y,Turbocharged,Multipoint/sequential fuel injection,   
2.0,4,36.6205,9,10.0,2,2,N,N,Turbocharged,@@@@@,N
,8,23.0686,6,10.0,1,1,N,N,none given,Spark Ignition Direct Injection,   
4.7,8,19.4895,6,10.0,2,2,N,N,Naturally Aspirated,@@@@@,N
,6,27.428,7,10.0,2,2,N,Y,Naturally Aspirated,@@@@@,N
,4,28.3376,6,15.0,2,2,N,N,none given,Spark Ignition Direct Injection,
2.0,4,49.569,8,,2,2,N,N,Turbocharged,Common Rail Direct Diesel Injection,N
3.4,6,28.8146,6,10.0,2,2,N,Y,Naturally Aspirated,@@@@@,   
,8,23.2098,8,10.0,1,1,N,N,Naturally Aspirated,Spark Ignition Direct Injection,Y
,6,23.2927,6,10.0,2,2,N,N,Naturally Aspirated,Multipoint/sequential fuel injection,
1.4,4,39.1304,6,10.0,2,2,N,N,none given,Multipoint/sequential fuel injection,N
1.4,4,37.2161,6,10.0,2,2,N,N,none given,Multipoint/sequential fuel injection,N
,6,26.78,6,10.0,2,2,N,N,Naturally Aspirated,@@@@@,N
1.8,4,38.8661,6,15.0,2,2,N,N,none given,@@@@@,N
2.0,4,42.1307,6,15.0,2,2,N,N,none given,Spark Ignition Direct Injection,   
2.0,4,34.7404,6,15.0,2,2,N,N,Turbocharged,Spark Ignition Direct Injection,   
3.7,6,24.9479,6,15.0,2,2,N,N,Naturally Aspirated,Multipoint/sequential fuel injection,
,6,23.8378,6,10.0,2,2,N,N,Naturally Aspirated,Spark Ignition Direct Injection,N
5.3,8,23.9191,6,10.0,1,1,N,N,Naturally Aspirated,Spark Ignition Direct Injection,Y
2.0,4,33.7774,8,10.0,2,2,N,N,none given,Spark Ignition Direct Injection,   
,4,32.2136,6,10.0,2,2,N,N,Naturally Aspirated,Multipoint/sequential fuel injection,N
3.7,6,25.9449,6,10.0,2,2,N,N,none given,@@@@@,N
3.0,6,29.7274,7,10.0,2,2,N,N,none given,Spark Ignition Direct Injection,   
,6,27.9589,8,15.0,2,2,N,Y,Supercharged,Spark Ignition Direct Injection,
2.0,4,32.6621,6,15.0,2,2,N,N,none given,Spark Ignition direct & ported injection,   
3.5,6,32.1625,6,15.0,2,2,N,N,none given,Multipoint/sequential fuel injection,
1.6,4,41.8441,6,10.0,2,2,N,N,none given,Spark Ignition Direct Injection,   
,4,27.8973,1,10.0,2,2,N,N,none given,Spark Ignition Direct Injection,N
1.5,4,38.9194,6,15.0,2,2,N,N,none given,Spark Ignition Direct Injection,
2.4,4,39.4874,6,10.0,2,2,N,Y,Naturally Aspirated,@@@@@,
1.6,4,34.5467,6,10.0,2,2,N,N,none given,Spark Ignition Direct Injection,N
1.6,4,38.1099,6,10.0,2,2,N,N,Turbocharged,Spark Ignition Direct Injection,
5.0,8,20.7975,6,10.0,2,2,N,N,Supercharged,Multipoint/sequential fuel injection,N
3.3,6,26.9163,6,10.0,2,2,N,N,Naturally Aspirated,Spark Ignition Direct Injection,   
3.5,6,29.1837,6,85.0,2,2,N,N,none given,Multipoint/sequential fuel injection,
,4,42.4665,6,10.0,2,2,N,N,Naturally Aspirated,Multipoint/sequential fuel injection,N
6.0,12,15.4573,7,10.0,2,1,N,N,none given,@@@@@,N
3.0,6,31.5042,8,10.0,2,2,N,N,none given,@@@@@,N
1.6,4,42.0163,5,10.0,2,2,N,N,none given,Multipoint/sequential fuel injection,N
2.5,4,43.5383,6,10.0,2,2,N,Y,none given,Spark Ignition Direct Injection,
3.0,6,26.1317,6,10.0,2,2,N,N,Turbocharged,Spark Ignition Direct Injection,N
,6,40.9298,7,10.0,2,2,N,N,none given,Multipoint/sequential fuel injection,N
2.0,4,33.1927,8,10.0,2,2,N,N,none given,Spark Ignition Direct Injection,N
3.6,6,23.8378,6,10.0,2,2,N,N,Naturally Aspirated,Spark Ignition Direct Injection,   
2.0,4,35.4215,6,10.0,2,2,N,Y,Naturally Aspirated,@@@@@,
6.2,8,22.0201,8,10.0,1,1,N,N,Naturally Aspirated,Spark Ignition Direct Injection,   
2.0,4,29.9555,6,15.0,2,2,N,N,Turbocharged,Spark Ignition Direct Injection,   
,12,15.9811,7,10.0,2,2,N,Y,Naturally Aspirated,@@@@@,N
,4,31.9339,5,10.0,2,2,N,N,none given,Spark Ignition Direct Injection,   
8.4,10,18.915,6,10.0,1,1,N,N,none given,@@@@@,N
,6,23.4963,8,10.0,2,2,N,Y,Turbocharged,Spark Ignition Direct Injection,
5.3,8,23.5269,8,10.0,1,1,N,N,Naturally Aspirated,Spark Ignition Direct Injection,   
1.8,4,37.8655,6,10.0,2,2,N,N,Naturally Aspirated,Multipoint/sequential fuel injection,   
2.5,4,33.9408,8,10.0,2,2,N,N,Naturally Aspirated,Spark Ignition Direct Injection,   
3.5,6,30.4629,1,10.0,2,2,N,N,Naturally Aspirated,@@@@@,N
,4,28.3382,9,10.0,2,2,N,N,Naturally Aspirated,@@@@@,N
2.5,4,28.4429,6,10.0,2,2,N,N,Naturally Aspirated,Spark Ignition Direct Injection,
2.0,4,34.817,6,10.0,2,2,N,N,Turbocharged,Spark Ignition Direct Injection,   
6.2,8,27.1836,7,10.0,1,1,N,N,none given,@@@@@,Y
2.0,4,35.359,8,10.0,2,2,N,N,Turbocharged,@@@@@,   
2.4,4,34.0888,6,10.0,2,2,N,N,Naturally Aspirated,Spark Ignition Direct Injection,N
2.0,4,45.1318,6,10.0,2,2,N,Y,none given,Spark Ignition Direct Injection,
2.0,4,31.1683,1,10.0,2,2,N,N,none given,Multipoint/sequential fuel injection,   
,8,21.7662,8,15.0,2,2,N,N,none given,Spark Ignition Direct Injection,Y
3.7,6,28.0246,6,15.0,2,2,N,N,none given,@@@@@,
,4,34.1618,6,15.0,2,2,N,N,Turbocharged,Spark Ignition Direct Injection,N
1.8,4,37.4089,5,15.0,2,2,N,N,none given,Spark Ignition Direct Injection,N
,6,24.0788,7,10.0,2,2,N,,none given,Spark Ignition Direct Injection,   
3.0,6,30.2755,8,10.0,2,2,N,N,Turbocharged,@@@@@,   
1.8,4,45.8707,1,15.0,2,2,N,Y,Naturally Aspirated,Multipoint/sequential fuel injection,
,8,19.9778,7,10.0,2,2,N,N,Naturally Aspirated,Spark Ignition Direct Injection,N
1.5,3,41.221,6,10.0,2,2,N,N,Turbocharged,Spark Ignition Direct Injection,   
5.6,8,23.6078,7,10.0,2,2,N,N,none given,Spark Ignition Direct Injection,   
3.5,6,25.5255,6,15.0,2,2,N,N,Turbocharged,@@@@@,N
3.5,6,41.7513,6,15.0,2,2,N,N,Naturally Aspirated,Spark Ignition direct & ported injection,   
4.4,8,25.485,8,10.0,2,2,N,N,Turbocharged,@@@@@,N
4.8,8,23.5293,7,10.0,2,2,N,,Turbocharged,@@@@@,
4.0,8,27.6266,8,15.0,2,2,N,N,Turbocharged,Spark Ignition Direct Injection,   
,6,24.9197,6,10.0,2,2,N,Y,Naturally Aspirated,Spark Ignition Direct Injection,   
3.0,6,31.3529,8,10.0,2,2,N,N,Turbocharged,Spark Ignition Direct Injection,
4.0,8,26.843,7,15.0,2,2,N,N,none given,Spark Ignition Direct Injection,Y
,4,29.5668,6,15.0,2,2,N,N,none given,Spark Ignition Direct Injection,N
,4,38.8882,1,10.0,2,2,N,N,none given,Multipoint/sequential fuel injection,N
1.5,4,41.1333,6,10.0,1,1,N,N,none given,Spark Ignition Direct Injection,N
1.8,4,36.5517,6,15.0,2,2,N,N,none given,@@@@@,N
3.5,6,29.5387,1,10.0,2,2,N,N,Naturally Aspirated,@@@@@,N
,6,25.9196,6,10.0,2,2,N,Y,Naturally Aspirated,Spark Ignition Direct Injection,N
3.5,6,34.7393,9,10.0,2,2,N,N,Naturally Aspirated,@@@@@,Y
2.0,4,32.5902,7,10.0,2,2,N,N,Turbocharged,Spark Ignition Direct Injection,
,8,20.5262,7,10.0,2,2,N,N,Turbocharged,Spark Ignition Direct Injection,N
3.6,6,21.7336,6,10.0,2,2,N,N,Naturally Aspirated,Spark Ignition Direct Injection,N
1.6,4,34.7341,6,10.0,2,2,N,N,none given,Spark Ignition Direct Injection,   
1.8,4,43.5074,1,15.0,2,2,N,N,Naturally Aspirated,Multipoint/sequential fuel injection,
6.8,8,17.1546,8,15.0,1,1,N,N,none given,Multipoint/sequential fuel injection,Y
6.3,12,16.7215,7,10.0,2,2,N,Y,none given,@@@@@,   
6.6,12,19.3314,8,10.0,2,2,N,N,Turbocharged,@@@@@,
1.8,4,46.8014,1,15.0,2,2,N,Y,Naturally Aspirated,@@@@@,
,6,29.3454,8,15.0,2,2,N,Y,Supercharged,@@@@@,N
2.0,4,35.4141,6,15.0,2,2,N,N,none given,Spark Ignition Direct Injection,   
2.0,4,42.1307,6,85.0,2,2,N,N,none given,@@@@@,N
,8,21.6933,8,10.0,1,1,N,N,Naturally Aspirated,@@@@@,Y
,8,22.7512,8,15.0,2,2,N,Y,Supercharged,Spark Ignition Direct Injection,
,4,35.8565,7,,2,2,N,Y,Turbocharged,Common Rail Direct Diesel Injection,N
1.8,4,41.2528,4,15.0,2,2,N,N,none given,Multipoint/sequential fuel injection,
2.0,4,39.1805,6,10.0,2,2,N,N,Naturally Aspirated,@@@@@,N
6.0,12,21.2675,7,10.0,2,1,N,,none given,@@@@@,   
2.7,6,28.1984,6,15.0,2,2,N,N,Turbocharged,@@@@@,N
2.0,4,35.9078,6,15.0,2,2,N,N,none given,Spark Ignition Direct Injection,   
2.5,4,28.5872,6,15.0,2,2,N,Y,none given,Multipoint/sequential fuel injection,   
3.6,6,28.9863,6,85.0,2,2,N,N,none given,Spark Ignition Direct Injection,   
2.7,6,31.1731,6,10.0,2,2,N,N,none given,@@@@@,N
6.2,8,20.0858,8,10.0,1,1,N,N,Supercharged,Multipoint/sequential fuel injection,   
3.0,6,24.3785,8,10.0,2,2,N,Y,none given,Spark Ignition Direct Injection,
3.6,6,25.9349,6,85.0,2,2,N,N,Naturally Aspirated,Multipoint/sequential fuel injection,N
,4,30.6586,6,10.0,2,2,N,N,Naturally Aspirated,Spark Ignition Direct Injection,N
2.0,4,33.1474,8,10.0,2,2,N,N,Turbocharged,@@@@@,N
,6,27.172,8,10.0,2,2,N,N,Naturally Aspirated,Multipoint/sequential fuel injection,N
5.3,8,21.9302,8,10.0,1,1,N,N,Naturally Aspirated,Spark Ignition Direct Injection,Y
2.0,4,33.2132,6,15.0,2,2,N,N,none given,Spark Ignition Direct Injection,
5.3,8,23.961,6,85.0,1,1,N,N,Naturally Aspirated,@@@@@,
5.0,8,25.3158,8,15.0,2,2,N,N,Naturally Aspirated,Spark Ignition direct & ported injection,N
1.6,4,38.2932,6,10.0,2,2,N,N,none given,@@@@@,N
4.4,8,23.7426,8,10.0,2,2,N,N,Turbocharged,Spark Ignition Direct Injection,N
2.0,4,34.7884,8,10.0,2,2,N,N,Turbocharged,@@@@@,N
5.7,8,24.6534,8,10.0,1,1,N,N,none given,Multipoint/sequential fuel injection,
,4,44.7387,6,15.0,2,2,N,Y,Naturally Aspirated,Multipoint/sequential fuel injection,   
2.0,4,29.1624,6,10.0,2,2,N,N,none given,Spark Ignition Direct Injection,N
1.4,4,43.7538,6,15.0,2,2,N,N,none given,@@@@@,N
1.5,4,49.8286,6,10.0,2,2,N,N,Naturally Aspirated,Spark Ignition Direct Injection,   
1.4,4,39.1304,6,10.0,2,2,N,N,none given,Multipoint/sequential fuel injection,   
1.6,4,36.4112,6,10.0,2,2,N,N,none given,Spark Ignition Direct Injection,N
3.0,6,29.6747,7,10.0,2,2,N,,Turbocharged,@@@@@,   
,4,35.1617,6,10.0,2,2,N,N,Naturally Aspirated,@@@@@,N
,6,29.4795,7,10.0,2,2,N,Y,Naturally Aspirated,@@@@@,N
,4,31.1732,8,85.0,2,2,N,N,Turbocharged,Spark Ignition Direct Injection,
,6,25.5474,6,15.0,2,2,N,N,Turbocharged,Spark Ignition Direct Injection,N
3.8,6,26.4728,7,10.0,2,2,N,Y,Naturally Aspirated,@@@@@,N
1.6,4,37.1622,6,10.0,2,2,N,N,none given,Spark Ignition Direct Injection,N
3.0,6,30.722,8,10.0,2,2,N,N,none given,Spark Ignition Direct Injection,   
3.9,8,22.8629,7,10.0,2,2,N,Y,Turbocharged,@@@@@,   
2.0,4,34.9238,1,10.0,2,2,N,N,Naturally Aspirated,@@@@@,N
3.4,6,32.6906,7,10.0,2,2,N,Y,Naturally Aspirated,@@@@@,N
,6,30.0156,6,10.0,2,2,N,N,Naturally Aspirated,Spark Ignition Direct Injection,
,6,26.2931,6,15.0,2,2,N,N,Naturally Aspirated,Multipoint/sequential fuel injection,
1.4,4,44.7932,6,10.0,2,2,N,N,none given,@@@@@,N
2.5,4,55.2009,6,15.0,2,2,N,N,none given,Multipoint/sequential fuel injection,   
,12,19.3741,8,15.0,2,2,N,N,Turbocharged,Multipoint/sequential fuel injection,N
6.0,8,15.7691,6,10.0,1,1,N,N,Naturally Aspirated,Multipoint/sequential fuel injection,N
2.4,4,38.0961,6,10.0,2,2,N,N,none given,Spark Ignition Direct Injection,N
,6,34.4707,7,10.0,2,2,N,N,Naturally Aspirated,Multipoint/sequential fuel injection,
1.6,4,35.9089,6,10.0,2,2,N,N,none given,Multipoint/sequential fuel injection,   
3.0,6,25.3494,7,10.0,2,2,N,N,Turbocharged,@@@@@,N
2.0,4,46.2524,1,10.0,2,2,N,N,none given,Multipoint/sequential fuel injection,N
1.6,4,40.385,6,15.0,2,2,N,N,Turbocharged,Spark Ignition Direct Injection,
3.5,6,25.5194,6,15.0,2,2,N,N,Turbocharged,Spark Ignition Direct Injection,   
,6,25.6842,6,15.0,2,2,N,N,Naturally Aspirated,Multipoint/sequential fuel injection,N
,4,38.0961,6,10.0,2,2,N,N,none given,Spark Ignition Direct Injection,N
,6,23.3561,6,15.0,2,2,N,N,Turbocharged,Spark Ignition Direct Injection,   
,4,32.561,6,10.0,2,2,N,N,Naturally Aspirated,Multipoint/sequential fuel injection,   
3.0,6,27.2096,8,15.0,2,2,N,N,Supercharged,Spark Ignition Direct Injection,   
1.5,4,50.4312,6,10.0,2,2,N,N,none given,Spark Ignition Direct Injection,   
2.4,4,30.5156,6,10.0,2,2,N,N,none given,Spark Ignition Direct Injection,   
,6,22.577,6,10.0,2,2,N,N,Naturally Aspirated,@@@@@,N
,6,33.1457,9,10.0,2,2,N,N,Naturally Aspirated,Spark Ignition Direct Injection,Y
,6,25.4318,9,10.0,2,2,N,,Turbocharged,Spark Ignition Direct Injection,   
,4,27.7568,6,10.0,2,2,N,N,Naturally Aspirated,Spark Ignition Direct Injection,   
,4,37.7023,6,10.0,2,2,N,Y,none given,Spark Ignition Direct Injection,N
,6,21.054,6,15.0,2,2,N,Y,Turbocharged,Spark Ignition Direct Injection,N
,4,31.2766,9,10.0,2,2,N,N,Turbocharged,Spark Ignition Direct Injection,N
3.6,6,29.51,8,10.0,2,2,N,N,Naturally Aspirated,@@@@@,Y
2.0,4,34.048,8,15.0,2,2,N,N,none given,Spark Ignition Direct Injection,N
1.6,4,33.045,6,10.0,2,2,N,Y,none given,Spark Ignition Direct Injection,N
1.5,4,48.0282,1,10.0,2,2,N,N,none given,Spark Ignition Direct Injection,
,6,30.7045,7,10.0,2,2,N,Y,Naturally Aspirated,@@@@@,N
2.0,4,46.7886,1,10.0,2,2,N,N,none given,Multipoint/sequential fuel injection,
6.5,12,14.8481,7,15.0,2,2,N,N,Naturally Aspirated,@@@@@,Y
,4,33.2017,6,15.0,2,2,N,N,Turbocharged,@@@@@,N
3.0,6,29.1557,7,10.0,2,2,N,N,none given,Spark Ignition Direct Injection,
,4,32.3011,8,85.0,2,2,N,N,Turbocharged,@@@@@,N
2.4,4,30.7928,6,85.0,2,2,N,N,Naturally Aspirated,Spark Ignition Direct Injection,   
,12,15.7502,7,10.0,2,2,N,Y,Naturally Aspirated,@@@@@,N
2.4,4,34.0888,6,85.0,2,2,N,N,Naturally Aspirated,Spark Ignition Direct Injection,N
,6,25.2803,6,10.0,2,2,N,N,Turbocharged,Multipoint/sequential fuel injection,N
,6,24.4714,6,10.0,2,2,N,N,Naturally Aspirated,Multipoint/sequential fuel injection,N
,8,22.1657,8,10.0,2,2,N,N,Turbocharged,@@@@@,N
3.0,6,23.6574,8,10.0,2,2,N,Y,none given,Spark Ignition Direct Injection,   
,6,29.6193,1,10.0,2,2,N,N,Naturally Aspirated,Multipoint/sequential fuel injection,N
,6,25.2242,6,15.0,2,2,N,N,Turbocharged,Spark Ignition Direct Injection,N
1.6,4,34.5467,6,10.0,2,2,N,N,none given,@@@@@,N
3.5,6,29.0058,8,15.0,2,2,N,N,none given,Spark Ignition direct & ported injection,N
,8,17.7814,7,10.0,2,2,N,,Turbocharged,Spark Ignition Direct Injection,N
6.2,8,26.1927,8,10.0,1,1,N,N,Naturally Aspirated,Spark Ignition Direct Injection,Y
3.0,6,30.0782,7,10.0,2,2,N,,none given,Spark Ignition Direct Injection,   
1.4,4,37.2161,6,10.0,2,2,N,N,none given,@@@@@,N
5.6,8,24.8658,7,10.0,2,2,N,N,none given,Spark Ignition Direct Injection,   
2.0,4,32.7935,8,10.0,2,2,N,N,none given,Spark Ignition Direct Injection,N
1.6,4,47.2984,1,10.0,2,2,N,N,none given,Multipoint/sequential fuel injection,N
2.7,6,33.6298,7,10.0,2,2,N,N,none given,@@@@@,N
2.0,4,37.6174,5,10.0,2,2,N,N,none given,@@@@@,N
1.6,4,41.2163,6,15.0,2,2,N,N,Naturally Aspirated,@@@@@,N
,4,35.8588,8,10.0,2,2,N,N,Turbocharged,@@@@@,N
,6,22.0571,6,10.0,2,2,N,N,Naturally Aspirated,Spark Ignition Direct Injection,   
3.0,6,Mod,8,,2,2,N,N,Turbocharged,@@@@@,N
5.0,8,17.2204,6,10.0,2,2,N,N,none given,Multipoint/sequential fuel injection,N
6.2,8,21.4943,6,10.0,1,1,N,N,Naturally Aspirated,@@@@@,
3.5,6,30.429,7,10.0,2,2,N,,none given,Spark Ignition Direct Injection,
,6,24.3378,6,15.0,2,2,N,N,Naturally Aspirated,Multipoint/sequential fuel injection,N
4.4,8,20.5262,7,10.0,2,2,N,N,Turbocharged,@@@@@,N
3.0,6,24.4063,6,15.0,2,2,N,N,none given,@@@@@,   
3.0,6,25.6229,8,15.0,2,2,N,Y,Supercharged,Spark Ignition Direct Injection,
2.0,4,34.2453,8,10.0,2,2,N,Y,Turbocharged,Spark Ignition Direct Injection,   
,4,40.7746,6,10.0,2,2,N,N,none given,Spark Ignition Direct Injection,
,6,31.5042,8,10.0,2,2,N,N,Turbocharged,@@@@@,N
,4,36.3177,6,10.0,2,2,N,N,none given,Spark Ignition Direct Injection,
,8,19.1822,7,10.0,2,2,N,,none given,Spark Ignition Direct Injection,   
,4,40.0906,6,10.0,2,2,N,N,Turbocharged,Multipoint/sequential fuel injection,N
3.0,6,26.4753,7,10.0,2,2,N,,Turbocharged,Spark Ignition Direct Injection,   
,6,Mod,8,,2,2,N,N,Turbocharged,Common Rail Direct Diesel Injection,   
2.4,4,30.8233,6,10.0,2,2,N,N,Naturally Aspirated,Multipoint/sequential fuel injection,   
3.0,6,27.0634,6,10.0,2,2,N,N,none given,Multipoint/sequential fuel injection,   
3.6,6,21.0918,6,10.0,2,2,N,N,Naturally Aspirated,Spark Ignition Direct Injection,   
,4,28.7947,6,10.0,2,2,N,N,Naturally Aspirated,Spark Ignition Direct Injection,   
,4,29.5908,6,10.0,2,2,N,N,Naturally Aspirated,Spark Ignition Direct Injection,N
6.0,8,15.9434,6,10.0,1,1,N,N,Naturally Aspirated,Multipoint/sequential fuel injection,   
,4,35.9721,7,10.0,2,2,N,,Turbocharged,Spark Ignition Direct Injection,N
3.0,6,29.5548,7,10.0,2,2,N,,none given,Spark Ignition Direct Injection,
6.0,12,19.716,7,10.0,2,1,N,,none given,Multipoint/sequential fuel injection,
,4,35.694,6,10.0,2,2,N,N,Turbocharged,Multipoint/sequential fuel injection,N
2.0,4,33.6611,8,10.0,2,2,N,N,none given,Spark Ignition Direct Injection,
2.7,6,33.6298,7,10.0,2,2,N,N,Naturally Aspirated,@@@@@,   
3.5,6,30.7316,7,10.0,2,2,N,,none given,@@@@@,
,4,29.6067,9,15.0,2,2,N,Y,Turbocharged,Spark Ignition Direct Injection,N
4.6,8,20.288,6,15.0,2,2,N,N,none given,Multipoint/sequential fuel injection,N
,6,27.1345,8,10.0,2,2,N,N,Turbocharged,Spark Ignition Direct Injection,N
,6,25.7561,6,85.0,1,1,N,N,Naturally Aspirated,Spark Ignition Direct Injection,Y
2.0,4,30.324,6,10.0,2,2,N,N,none given,Spark Ignition Direct Injection,N
2.0,4,35.729,6,10.0,2,2,N,N,none given,Spark Ignition Direct Injection,   
3.0,6,30.8317,8,10.0,2,2,N,N,Turbocharged,@@@@@,N
1.6,4,41.7031,6,10.0,2,2,N,Y,none given,Spark Ignition Direct Injection,N
1.4,4,43.9612,6,10.0,2,2,N,N,none given,Multipoint/sequential fuel injection,   
3.6,6,25.257,6,85.0,2,2,N,N,Naturally Aspirated,Multipoint/sequential fuel injection,   
1.5,4,51.1079,7,10.0,2,2,N,N,none given,@@@@@,   
2.7,4,26.2856,6,15.0,2,2,N,N,Naturally Aspirated,@@@@@,
3.5,6,38.8724,6,15.0,2,2,N,Y,Naturally Aspirated,Multipoint/sequential fuel injection,   
2.7,6,25.4865,6,15.0,2,2,N,N,Turbocharged,@@@@@,N
3.0,6,27.0634,6,10.0,2,2,N,N,none given,Multipoint/sequential fuel injection,N
2.0,4,35.4975,8,10.0,2,2,N,N,Turbocharged,@@@@@,N
2.0,4,40.0888,8,,2,2,N,N,none given,Common Rail Direct Diesel Injection,N
,6,23.3561,6,15.0,2,2,N,N,none given,Spark Ignition Direct Injection,N
,8,20.0593,8,15.0,2,2,N,Y,Supercharged,Spark Ignition Direct Injection,   
,6,22.0571,6,10.0,2,2,N,N,Naturally Aspirated,Spark Ignition Direct Injection,   
1.6,4,38.2932,6,10.0,2,2,N,N,none given,Spark Ignition Direct Injection,N
4.8,8,23.9679,7,10.0,2,2,N,,Naturally Aspirated,Spark Ignition Direct Injection,
,6,26.6838,6,15.0,2,2,N,N,Naturally Aspirated,Multipoint/sequential fuel injection,N
4.7,8,26.3815,7,10.0,2,2,N,,Turbocharged,Spark Ignition Direct Injection,
6.2,8,23.0968,7,10.0,1,1,N,N,none given,@@@@@,   
,8,23.9191,6,10.0,1,1,N,N,Naturally Aspirated,Spark Ignition Direct Injection,   
,4,34.7884,8,10.0,2,2,N,N,none given,Spark Ignition Direct Injection,N
,6,25.4694,6,15.0,2,2,N,N,Naturally Aspirated,Multipoint/sequential fuel injection,N
3.7,6,26.8477,7,10.0,2,2,N,N,none given,Multipoint/sequential fuel injection,   
,6,24.6108,8,15.0,2,2,N,Y,Supercharged,Spark Ignition Direct Injection,N
3.0,6,31.5496,7,10.0,2,2,N,,none given,@@@@@,N
3.6,6,25.9349,6,85.0,2,2,N,N,none given,Multipoint/sequential fuel injection,   
,4,38.2124,7,10.0,2,2,N,,Turbocharged,Spark Ignition Direct Injection,
1.5,3,43.8888,6,10.0,2,2,N,N,Turbocharged,@@@@@,N
2.0,4,31.3984,6,15.0,2,2,N,N,Turbocharged,@@@@@,N
1.5,3,40.9725,6,10.0,2,2,N,N,Turbocharged,@@@@@,N
2.5,4,28.4429,6,10.0,2,2,N,N,none given,Spark Ignition Direct Injection,   
3.6,6,31.0325,8,10.0,2,2,N,N,none given,Spark Ignition Direct Injection,   
,8,23.4292,6,85.0,1,1,N,N,Naturally Aspirated,Spark Ignition Direct Injection,Y
,6,25.3494,7,10.0,2,2,N,N,Turbocharged,@@@@@,N
,4,34.9238,1,10.0,2,2,N,N,Naturally Aspirated,Multipoint/sequential fuel injection,N
,4,29.3003,6,10.0,2,2,N,N,Naturally Aspirated,Spark Ignition Direct Injection,
,6,24.1401,6,15.0,2,2,N,N,Naturally Aspirated,@@@@@,N
,4,32.9383,6,15.0,2,2,N,N,Turbocharged,Spark Ignition Direct Injection,N
,6,25.4716,7,10.0,2,2,N,,none given,Spark Ignition Direct Injection,N
,8,23.7078,8,15.0,2,2,N,Y,Supercharged,@@@@@,N
2.5,4,55.2009,6,15.0,2,2,N,N,Naturally Aspirated,Multipoint/sequential fuel injection,   
2.0,4,33.1287,6,10.0,2,2,N,N,none given,Spark Ignition Direct Injection,
1.6,4,36.4112,6,10.0,2,2,N,N,none given,Spark Ignition Direct Injection,N
1.6,4,29.6672,6,10.0,1,1,N,N,Turbocharged,@@@@@,N
6.3,12,16.5736,7,10.0,2,2,N,Y,none given,@@@@@,
2.0,4,41.9449,6,10.0,2,2,N,N,Naturally Aspirated,Multipoint/sequential fuel injection,
,4,31.7256,9,15.0,2,2,N,Y,Turbocharged,@@@@@,N
6.3,12,17.2283,7,10.0,2,2,N,Y,none given,@@@@@,N
3.0,6,27.2521,8,15.0,2,2,N,Y,none given,@@@@@,N
3.6,6,25.9349,6,10.0,2,2,N,N,Naturally Aspirated,Multipoint/sequential fuel injection,   
2.0,4,31.2523,8,10.0,2,2,N,Y,Turbocharged,Spark Ignition Direct Injection,N
,4,30.7928,6,10.0,2,2,N,N,Naturally Aspirated,Spark Ignition Direct Injection,N
,4,30.4846,9,10.0,2,2,N,N,Naturally Aspirated,Multipoint/sequential fuel injection,N
,4,38.0792,5,15.0,2,2,N,N,Turbocharged,Spark Ignition Direct Injection,
2.4,4,37.4789,6,10.0,2,2,N,N,Naturally Aspirated,Spark Ignition Direct Injection,
3.7,6,24.821,6,15.0,2,2,N,N,none given,Multipoint/sequential fuel injection,N
2.0,4,31.1626,6,15.0,2,2,N,N,none given,@@@@@,N
3.6,6,24.216,8,85.0,2,2,N,N,Naturally Aspirated,Multipoint/sequential fuel injection,N
2.5,4,29.3003,6,10.0,2,2,N,N,Naturally Aspirated,@@@@@,
3.4,6,29.5284,6,10.0,2,2,N,Y,none given,@@@@@,   
4.0,6,21.236,7,10.0,2,2,N,N,Naturally Aspirated,@@@@@,   
,8,23.1842,6,85.0,1,1,N,N,Naturally Aspirated,Spark Ignition Direct Injection,Y
2.0,4,36.4983,6,10.0,2,2,N,Y,Turbocharged,Spark Ignition Direct Injection,N
3.5,6,40.262,7,10.0,2,2,N,N,none given,Spark Ignition Direct Injection,N
2.5,4,34.3969,6,15.0,2,2,N,Y,none given,Multipoint/sequential fuel injection,N
2.0,4,35.674,6,15.0,2,2,N,N,none given,Spark Ignition Direct Injection,N
,6,27.172,8,10.0,2,2,N,N,none given,Multipoint/sequential fuel injection,   
,5,29.8385,6,10.0,2,2,N,N,Turbocharged,Multipoint/sequential fuel injection,
,12,19.4396,7,10.0,2,1,N,,none given,Multipoint/sequential fuel injection,N
2.4,4,33.5766,5,10.0,2,2,N,N,none given,Multipoint/sequential fuel injection,   
3.8,6,25.7642,7,10.0,2,2,N,N,Turbocharged,@@@@@,N
3.0,6,26.9372,7,15.0,2,2,N,N,Supercharged,@@@@@,N
4.0,6,23.7577,5,10.0,2,2,N,N,none given,Multipoint/sequential fuel injection,
3.6,6,25.6932,6,10.0,2,2,N,N,Naturally Aspirated,@@@@@,N
,6,24.6108,8,15.0,2,2,N,Y,Supercharged,Spark Ignition Direct Injection,N
3.5,6,26.9813,6,15.0,2,2,N,N,none given,Spark Ignition direct & ported injection,   
3.5,6,32.9693,7,10.0,2,2,N,N,Naturally Aspirated,Multipoint/sequential fuel injection,
,6,24.3451,6,10.0,2,2,N,N,Naturally Aspirated,Multipoint/sequential fuel injection,
1.5,4,43.7586,4,15.0,2,2,N,N,none given,Multipoint/sequential fuel injection,N
,6,26.6055,8,10.0,2,2,N,N,Turbocharged,Spark Ignition Direct Injection,   
,3,37.5834,6,10.0,2,2,N,N,none given,Spark Ignition Direct Injection,
5.0,8,22.5528,8,15.0,2,2,N,Y,none given,@@@@@,   
3.5,6,27.925,6,15.0,2,2,N,N,none given,Spark Ignition direct & ported injection,   
,6,25.7513,6,15.0,2,2,N,N,none given,Spark Ignition Direct Injection,N
3.6,6,28.1841,6,85.0,2,2,N,N,Naturally Aspirated,@@@@@,
,6,22.0571,6,10.0,2,2,N,N,Naturally Aspirated,Spark Ignition Direct Injection,   
2.0,4,41.9449,6,10.0,2,2,N,N,none given,Multipoint/sequential fuel injection,N
2.0,4,42.4765,6,10.0,2,2,N,N,none given,Spark Ignition Direct Injection,N
3.5,6,28.0575,6,10.0,2,2,N,N,none given,Multipoint/sequential fuel injection,   
3.7,6,26.2833,7,10.0,2,2,N,N,none given,@@@@@,
3.8,6,25.7642,7,10.0,2,2,N,N,Turbocharged,@@@@@,N
2.7,6,28.1837,6,15.0,2,2,N,N,Turbocharged,@@@@@,N
1.6,4,38.7069,6,10.0,2,2,N,N,none given,Multipoint/sequential fuel injection,   
5.0,8,24.4234,6,15.0,2,2,N,N,none given,@@@@@,   
3.5,6,30.4957,9,10.0,2,2,N,N,Naturally Aspirated,Spark Ignition Direct Injection,Y
2.0,4,32.3228,6,10.0,2,2,N,N,Naturally Aspirated,@@@@@,N
4.4,8,22.0572,6,10.0,2,2,N,N,none given,@@@@@,N
1.5,3,37.5265,6,10.0,2,2,N,N,none given,@@@@@,
2.0,4,31.5863,6,15.0,2,2,N,N,none given,@@@@@,N
,8,23.0686,6,10.0,1,1,N,N,Naturally Aspirated,Spark Ignition Direct Injection,   
5.0,8,21.9194,6,85.0,2,2,N,N,Naturally Aspirated,Multipoint/sequential fuel injection,   
1.6,4,35.9089,6,10.0,2,2,N,N,none given,Multipoint/sequential fuel injection,N
,6,28.1423,8,10.0,2,2,N,N,none given,Multipoint/sequential fuel injection,N
6.0,12,20.8591,7,10.0,2,1,N,,none given,Multipoint/sequential fuel injection,
1.0,3,43.5178,6,15.0,2,2,N,N,none given,Spark Ignition Direct Injection,N
2.0,4,32.374,6,10.0,2,2,N,N,Naturally Aspirated,@@@@@,N
2.0,4,31.2523,8,10.0,2,2,N,N,none given,Spark Ignition Direct Injection,N
2.4,4,36.1537,6,10.0,2,2,N,N,none given,Multipoint/sequential fuel injection,   
1.4,4,40.022,6,10.0,2,2,N,N,none given,@@@@@,N
2.0,4,29.9713,6,15.0,2,2,N,N,Turbocharged,Spark Ignition Direct Injection,N
4.0,8,23.6806,8,15.0,2,2,N,N,none given,Spark Ignition Direct Injection,Y
3.5,6,23.6948,6,15.0,2,2,N,N,Turbocharged,@@@@@,N
,6,21.1487,8,15.0,2,2,N,Y,none given,Spark Ignition Direct Injection,   
,4,38.2242,6,10.0,2,2,N,N,Turbocharged,Spark Ignition Direct Injection,N
2.0,4,35.2361,6,10.0,2,2,N,N,Turbocharged,@@@@@,N
4.7,8,19.4895,6,10.0,2,2,N,N,Naturally Aspirated,@@@@@,N
,6,22.7871,6,10.0,2,2,N,N,Naturally Aspirated,@@@@@,N
,4,32.8549,6,15.0,2,2,N,N,Naturally Aspirated,Multipoint/sequential fuel injection,   
3.0,6,24.041,7,10.0,2,2,N,N,Turbocharged,@@@@@,N
3.8,6,26.9652,7,10.0,2,2,N,Y,none given,@@@@@,N
5.3,8,21.9258,8,10.0,1,1,N,N,Naturally Aspirated,Spark Ignition Direct Injection,Y
3.5,6,28.514,6,15.0,2,2,N,Y,none given,Spark Ignition direct & ported injection,   
4.7,8,19.7608,6,10.0,2,2,N,Y,Naturally Aspirated,@@@@@,N
2.0,4,28.9693,6,10.0,2,2,N,Y,Turbocharged,@@@@@,N
,6,28.7819,1,10.0,2,2,N,N,Naturally Aspirated,Multipoint/sequential fuel injection,   
2.0,4,45.1334,6,10.0,2,2,N,Y,none given,Spark Ignition Direct Injection,N
4.7,8,26.1873,7,10.0,2,2,N,,Turbocharged,@@@@@,N
1.4,4,40.4989,5,10.0,2,2,N,N,Turbocharged,@@@@@,N
2.0,4,32.2692,6,15.0,2,2,N,N,none given,Spark Ignition Direct Injection,N
3.6,6,28.0684,6,10.0,2,2,N,N,Naturally Aspirated,Spark Ignition Direct Injection,
3.8,8,22.6993,7,10.0,2,2,N,Y,none given,@@@@@,   
2.4,4,33.7787,6,10.0,2,2,N,N,none given,Multipoint/sequential fuel injection,
3.0,6,30.9403,7,10.0,2,2,N,,Turbocharged,@@@@@,N
3.5,6,31.9813,6,15.0,2,2,N,N,Naturally Aspirated,@@@@@,
1.4,4,44.3586,6,10.0,2,2,N,N,none given,Spark Ignition Direct Injection,N
2.0,4,37.1059,5,10.0,2,2,N,N,none given,Multipoint/sequential fuel injection,   
3.8,6,26.4728,7,10.0,2,2,N,Y,Naturally Aspirated,@@@@@,   
2.0,4,33.5999,6,10.0,2,2,N,Y,Turbocharged,Spark Ignition Direct Injection,
4.4,8,20.5262,7,10.0,2,2,N,N,Turbocharged,@@@@@,N
3.6,6,23.7078,6,10.0,2,2,N,N,Turbocharged,Spark Ignition Direct Injection,
1.4,4,40.0906,6,10.0,2,2,N,N,none given,@@@@@,N
3.4,6,28.5578,7,10.0,2,2,N,Y,Naturally Aspirated,@@@@@,N
2.0,4,29.3634,7,10.0,2,2,N,N,Turbocharged,Spark Ignition Direct Injection,N
3.0,6,30.8134,8,15.0,2,2,N,Y,none given,Spark Ignition Direct Injection,
2.0,4,37.2657,7,15.0,2,2,N,N,none given,Spark Ignition Direct Injection,N
1.4,4,40.8125,6,10.0,2,2,N,N,none given,Multipoint/sequential fuel injection,N
2.7,6,31.1731,6,10.0,2,2,N,N,Naturally Aspirated,@@@@@,N
1.5,3,41.221,6,10.0,2,2,N,N,Turbocharged,Spark Ignition Direct Injection,N
3.0,6,28.4267,6,10.0,2,2,N,Y,none given,@@@@@,N
,10,20.6362,7,15.0,2,2,N,N,Naturally Aspirated,@@@@@,Y
,8,24.6534,8,10.0,1,1,N,N,none given,Multipoint/sequential fuel injection,Y
,4,29.7663,6,15.0,2,2,N,N,Naturally Aspirated,Multipoint/sequential fuel injection,N
3.6,6,29.2127,8,10.0,2,2,N,N,none given,Spark Ignition Direct Injection,Y
5.7,8,22.34,8,10.0,1,1,N,N,none given,Multipoint/sequential fuel injection,Y
3.0,6,30.9081,7,10.0,2,2,N,,none given,Spark Ignition Direct Injection,N
3.8,8,22.6993,7,10.0,2,2,N,Y,Turbocharged,@@@@@,N
2.0,4,28.6649,6,10.0,2,2,N,N,none given,Spark Ignition Direct Injection,N
,8,21.3254,8,10.0,2,2,N,,Turbocharged,Spark Ignition Direct Injection,N
6.4,8,21.6811,6,10.0,1,1,N,N,none given,@@@@@,N
,8,21.394,8,10.0,1,1,N,N,none given,Multipoint/sequential fuel injection,Y
2.4,4,32.6673,9,85.0,2,2,N,N,Naturally Aspirated,Multipoint/sequential fuel injection,   
,4,36.3872,6,10.0,2,2,N,Y,none given,Spark Ignition Direct Injection,N
,6,33.6514,8,10.0,2,2,N,N,Turbocharged,Spark Ignition Direct Injection,N
,8,24.6534,8,10.0,1,1,N,N,Naturally Aspirated,Multipoint/sequential fuel injection,
,4,32.287,6,15.0,2,2,N,Y,Turbocharged,Spark Ignition Direct Injection,N
3.0,6,28.7394,7,10.0,2,2,N,,none given,Spark Ignition Direct Injection,N
2.0,4,34.8632,6,15.0,2,2,N,N,none given,Spark Ignition Direct Injection,   
6.2,8,20.4058,6,10.0,1,1,N,N,none given,Multipoint/sequential fuel injection,
3.6,6,25.707,6,10.0,2,2,N,N,Naturally Aspirated,@@@@@,
,8,22.9366,6,10.0,1,1,N,N,none given,Spark Ignition Direct Injection,   
2.5,4,44.0972,1,10.0,2,2,N,N,none given,Multipoint/sequential fuel injection,
4.0,8,22.5584,8,15.0,2,2,N,N,none given,@@@@@,Y
3.5,6,26.7474,6,15.0,2,2,N,N,Naturally Aspirated,Multipoint/sequential fuel injection,   
,8,23.7426,8,10.0,2,2,N,N,Turbocharged,Spark Ignition Direct Injection,N
2.4,4,27.6702,4,10.0,2,2,N,N,Naturally Aspirated,Multipoint/sequential fuel injection,   
2.4,4,38.7501,1,10.0,2,2,N,N,Naturally Aspirated,Spark Ignition Direct Injection,N
3.6,6,25.707,6,10.0,2,2,N,N,Naturally Aspirated,Spark Ignition Direct Injection,
4.7,8,25.0798,7,10.0,2,2,N,,Turbocharged,Spark Ignition Direct Injection,   
,6,23.7057,6,15.0,2,2,N,N,Turbocharged,Spark Ignition Direct Injection,N
,6,30.2755,8,10.0,2,2,N,N,none given,Spark Ignition Direct Injection,N
,4,34.1029,1,10.0,2,2,N,N,Naturally Aspirated,Multipoint/sequential fuel injection,N
3.7,6,20.0004,6,85.0,2,2,N,N,Naturally Aspirated,Multipoint/sequential fuel injection,N
2.0,4,46.2043,8,,2,2,N,N,none given,Common Rail Direct Diesel Injection,N
2.0,4,32.7935,8,10.0,2,2,N,N,Turbocharged,@@@@@,N
,6,30.8317,8,10.0,2,2,N,N,none given,Spark Ignition Direct Injection,N
1.4,4,40.5501,6,10.0,2,2,N,N,none given,Spark Ignition Direct Injection,   
,4,32.3356,6,15.0,2,2,N,N,none given,Spark Ignition direct & ported injection,N
2.0,4,34.3746,8,10.0,2,2,N,N,none given,@@@@@,N
1.6,4,36.4112,6,10.0,2,2,N,N,none given,@@@@@,N
,6,25.7502,6,85.0,1,1,N,N,Naturally Aspirated,Spark Ignition Direct Injection,
1.6,4,38.7069,6,10.0,2,2,N,N,none given,@@@@@,N
5.3,8,23.2243,6,10.0,1,1,N,N,Naturally Aspirated,Spark Ignition Direct Injection,Y
,8,26.9406,8,15.0,2,2,N,N,none given,Spark Ignition direct & ported injection,
3.8,6,25.9414,8,10.0,2,2,N,N,none given,Spark Ignition Direct Injection,
,4,34.1212,6,10.0,2,2,N,N,Naturally Aspirated,Multipoint/sequential fuel injection,N
,4,36.265,7,10.0,2,2,N,Y,Turbocharged,Spark Ignition Direct Injection,N
3.0,6,30.8317,8,10.0,2,2,N,N,none given,@@@@@,   
,6,24.1401,6,85.0,2,2,N,N,Naturally Aspirated,Multipoint/sequential fuel injection,N
2.0,4,40.4492,6,15.0,2,2,N,N,none given,Spark Ignition Direct Injection,   
3.0,6,30.4167,8,,2,2,N,N,Turbocharged,Common Rail Direct Diesel Injection,N
3.8,6,27.678,7,10.0,2,2,N,N,Naturally Aspirated,@@@@@,N
3.0,6,38.1901,8,,2,2,N,N,none given,Common Rail Direct Diesel Injection,N
2.5,5,30.5489,6,10.0,2,2,N,N,none given,Multipoint/sequential fuel injection,N
,8,26.8613,7,10.0,2,2,N,,Turbocharged,Spark Ignition Direct Injection,N
,12,18.1658,8,15.0,2,2,N,N,none given,Multipoint/sequential fuel injection,N
,6,24.6105,5,15.0,2,2,N,N,Naturally Aspirated,Multipoint/sequential fuel injection,N
2.4,4,32.6673,9,10.0,2,2,N,N,none given,Multipoint/sequential fuel injection,N
2.4,4,33.5766,5,10.0,2,2,N,N,Naturally Aspirated,Multipoint/sequential fuel injection,   
3.7,6,25.9717,7,10.0,2,2,N,N,Naturally Aspirated,Multipoint/sequential fuel injection,   
,4,34.5467,6,10.0,2,2,N,N,none given,Spark Ignition Direct Injection,N
2.0,4,35.1828,6,15.0,2,2,N,N,Turbocharged,@@@@@,   
,6,23.9236,6,10.0,2,2,N,N,Naturally Aspirated,Multipoint/sequential fuel injection,   
3.0,6,29.8142,8,15.0,2,2,N,Y,none given,Spark Ignition Direct Injection,   
3.5,6,24.9037,6,85.0,2,2,N,N,Naturally Aspirated,@@@@@,N
,6,22.7455,5,10.0,2,2,N,N,Naturally Aspirated,Multipoint/sequential fuel injection,   
,6,23.4849,6,15.0,2,2,N,N,Turbocharged,Spark Ignition Direct Injection,N
2.0,4,33.5991,5,10.0,2,2,N,N,Naturally Aspirated,Multipoint/sequential fuel injection,   
2.4,4,35.3768,6,10.0,2,2,N,N,none given,Multipoint/sequential fuel injection,
5.3,8,23.9191,6,10.0,1,1,N,N,Naturally Aspirated,Spark Ignition Direct Injection,Y
,4,32.2154,8,10.0,2,2,N,Y,Turbocharged+Supercharged,Spark Ignition Direct Injection,N
2.5,4,34.8745,6,15.0,2,2,N,N,none given,Multipoint/sequential fuel injection,   
2.0,4,38.0027,6,10.0,2,2,N,N,none given,Spark Ignition Direct Injection,N
1.4,4,40.0906,6,10.0,2,2,N,N,Turbocharged,Multipoint/sequential fuel injection,N
3.0,6,26.9372,7,15.0,2,2,N,N,Supercharged,@@@@@,N
4.8,8,23.7927,7,10.0,2,2,N,,Turbocharged,@@@@@,
2.0,4,34.2582,8,15.0,2,2,N,N,none given,Spark Ignition direct & ported injection,   
1.4,4,43.4096,6,10.0,2,2,N,N,none given,Multipoint/sequential fuel injection,
2.5,4,27.2296,6,10.0,2,2,N,N,none given,Spark Ignition Direct Injection,   
2.5,4,44.3543,6,10.0,2,2,N,Y,none given,Spark Ignition Direct Injection,N
,4,28.1384,6,10.0,2,2,N,N,Turbocharged,Spark Ignition Direct Injection,N
2.0,4,40.6667,8,10.0,2,2,N,Y,none given,Spark Ignition Direct Injection,N
3.8,6,26.3918,6,10.0,2,2,N,N,Naturally Aspirated,@@@@@,N
,8,23.0686,6,85.0,1,1,N,N,Naturally Aspirated,Spark Ignition Direct Injection,Y
5.7,8,18.3331,6,15.0,2,2,N,N,Naturally Aspirated,Multipoint/sequential fuel injection,   
,8,23.9191,6,10.0,1,1,N,N,Naturally Aspirated,Spark Ignition Direct Injection,Y
2.4,4,41.1251,1,10.0,2,2,N,N,none given,Spark Ignition Direct Injection,
3.6,6,28.5513,9,85.0,2,2,N,N,none given,Multipoint/sequential fuel injection,N
2.4,4,38.2167,6,10.0,2,2,N,N,Naturally Aspirated,@@@@@,
1.5,4,70.7819,1,15.0,2,2,N,N,none given,Multipoint/sequential fuel injection,N
3.5,6,38.2417,7,10.0,2,2,N,N,none given,Multipoint/sequential fuel injection,   
,8,18.7088,6,15.0,2,2,N,N,none given,Multipoint/sequential fuel injection,   
,4,26.8422,8,10.0,2,2,N,N,none given,Spark Ignition Direct Injection,N
5.5,8,22.859,7,10.0,2,2,N,,none given,Spark Ignition Direct Injection,
1.8,4,42.9332,7,15.0,2,2,N,N,none given,Multipoint/sequential fuel injection,
3.7,6,26.8581,7,10.0,2,2,N,N,Naturally Aspirated,@@@@@,N
6.0,12,18.1901,7,10.0,2,2,N,N,none given,@@@@@,N
5.5,8,28.7162,7,10.0,2,2,N,,none given,@@@@@,Y
,4,37.7617,6,10.0,2,2,N,N,none given,Spark Ignition Direct Injection,
3.4,6,30.1071,7,10.0,2,2,N,N,none given,@@@@@,N
2.0,4,33.7274,8,15.0,2,2,N,N,none given,Spark Ignition Direct Injection,N
,6,26.6055,8,10.0,2,2,N,N,Turbocharged,@@@@@,N
3.3,6,24.3943,6,10.0,2,2,N,Y,Naturally Aspirated,@@@@@,N
2.0,4,29.9285,8,10.0,2,2,N,N,Turbocharged+Supercharged,Spark Ignition Direct Injection,   
2.0,4,33.5764,6,15.0,2,2,N,N,none given,@@@@@,
,4,44.3685,6,10.0,2,2,N,Y,none given,Spark Ignition Direct Injection,
3.8,6,25.0911,8,10.0,2,2,N,N,Naturally Aspirated,Spark Ignition Direct Injection,
6.4,8,23.4876,8,10.0,1,1,N,N,Naturally Aspirated,@@@@@,
5.5,8,23.3803,7,10.0,2,2,N,,none given,@@@@@,N
1.8,4,35.1331,6,10.0,2,2,N,N,none given,Multipoint/sequential fuel injection,N
2.0,4,59.6009,1,15.0,2,2,N,N,none given,Multipoint/sequential fuel injection,
3.0,6,30.2755,8,10.0,2,2,N,N,none given,Spark Ignition Direct Injection,N
,4,31.0576,9,85.0,2,2,N,N,Naturally Aspirated,Multipoint/sequential fuel injection,N
3.0,6,29.3086,6,10.0,2,2,N,N,Turbocharged,Spark Ignition Direct Injection,   
,8,19.7604,7,10.0,2,2,N,,Turbocharged,Spark Ignition Direct Injection,N
,4,38.3003,8,10.0,2,2,N,N,Naturally Aspirated,Spark Ignition Direct Injection,N
3.0,6,25.9443,8,15.0,2,2,N,Y,Supercharged,Spark Ignition Direct Injection,
2.4,4,35.4451,6,10.0,2,2,N,N,none given,Multipoint/sequential fuel injection,   
1.8,4,40.8472,6,10.0,2,2,N,N,none given,Multipoint/sequential fuel injection,
,8,22.9366,6,85.0,1,1,N,N,none given,Spark Ignition Direct Injection,   
,6,24.1401,6,15.0,2,2,N,N,none given,Multipoint/sequential fuel injection,N
3.6,6,27.9923,8,85.0,2,2,N,N,Naturally Aspirated,Multipoint/sequential fuel injection,
2.3,4,33.5824,6,15.0,2,2,N,N,Turbocharged,@@@@@,   
4.0,6,20.8619,6,10.0,2,2,N,N,Naturally Aspirated,@@@@@,   
3.6,6,27.9923,8,10.0,2,2,N,N,Naturally Aspirated,Multipoint/sequential fuel injection,   
3.0,6,30.722,8,10.0,2,2,N,N,Turbocharged,@@@@@,   
3.3,6,28.1656,6,10.0,2,2,N,N,none given,Spark Ignition Direct Injection,
,6,26.8575,6,10.0,2,2,N,Y,Naturally Aspirated,Spark Ignition Direct Injection,N
2.0,4,34.7953,6,10.0,2,2,N,N,none given,Spark Ignition Direct Injection,N
3.0,6,28.8162,8,15.0,2,2,N,N,Supercharged,@@@@@,
,8,22.1657,8,10.0,2,2,N,N,Turbocharged,Spark Ignition Direct Injection,N
,6,27.8144,7,10.0,2,2,N,N,Naturally Aspirated,@@@@@,N
,8,21.6811,6,10.0,1,1,N,N,none given,Multipoint/sequential fuel injection,N
,8,20.8515,7,10.0,2,2,N,N,none given,Spark Ignition Direct Injection,   
3.5,6,26.8159,6,15.0,2,2,N,Y,Naturally Aspirated,Multipoint/sequential fuel injection,   
4.7,8,19.4895,6,10.0,2,2,N,N,Naturally Aspirated,@@@@@,   
3.6,6,27.9923,8,85.0,2,2,N,N,Naturally Aspirated,Multipoint/sequential fuel injection,   
3.0,6,31.0325,8,15.0,2,2,N,N,none given,Spark Ignition Direct Injection,N
3.6,6,28.0689,6,10.0,2,2,N,N,Naturally Aspirated,@@@@@,
,6,26.2202,6,10.0,2,2,N,N,Naturally Aspirated,Spark Ignition Direct Injection,
2.5,4,39.0069,6,10.0,2,2,N,N,none given,Spark Ignition Direct Injection,   
3.5,6,28.9051,9,10.0,2,2,N,N,Naturally Aspirated,@@@@@,Y
5.3,8,24.0412,6,10.0,1,1,N,N,Naturally Aspirated,Spark Ignition Direct Injection,   
2.5,4,38.1862,6,15.0,2,2,N,N,none given,Multipoint/sequential fuel injection,   
6.7,12,17.4353,8,10.0,2,2,N,N,Naturally Aspirated,Spark Ignition Direct Injection,
2.7,4,29.965,6,15.0,2,2,N,N,Naturally Aspirated,Multipoint/sequential fuel injection,N
2.8,4,29.9044,6,,2,2,N,N,none given,Direct Diesel Injection (non-common rail),
,4,35.9721,7,85.0,2,2,N,,Turbocharged,Spark Ignition Direct Injection,N
,6,23.7353,7,10.0,2,2,N,N,none given,Multipoint/sequential fuel injection,   
,6,29.7274,7,10.0,2,2,N,N,none given,Spark Ignition Direct Injection,
2.4,4,34.844,6,10.0,2,2,N,N,none given,Multipoint/sequential fuel injection,N
0.9,3,50.1999,6,10.0,2,2,N,,none given,@@@@@,   
2.0,4,35.7883,6,10.0,2,2,N,N,none given,Spark Ignition Direct Injection,N
,4,36.5912,9,85.0,2,2,N,N,none given,Multipoint/sequential fuel injection,N
2.4,4,50.3669,6,10.0,2,2,N,Y,none given,@@@@@,
,4,27.8973,1,10.0,2,2,N,N,Naturally Aspirated,Spark Ignition Direct Injection,   
3.5,6,31.647,7,10.0,2,2,N,N,Naturally Aspirated,Multipoint/sequential fuel injection,   
2.5,4,38.1292,1,10.0,2,2,N,N,none given,Multipoint/sequential fuel injection,N
3.8,6,27.1045,7,10.0,2,2,N,Y,Naturally Aspirated,@@@@@,N
,6,24.3481,8,10.0,2,2,N,N,Turbocharged,Spark Ignition Direct Injection,N
3.6,6,29.8923,8,10.0,2,2,N,N,none given,Multipoint/sequential fuel injection,
,8,23.552,8,15.0,2,2,N,N,none given,Spark Ignition direct & ported injection,
5.0,8,23.8378,8,15.0,2,2,N,N,none given,Spark Ignition direct & ported injection,N
3.3,6,26.3588,6,10.0,2,2,N,N,Naturally Aspirated,Spark Ignition Direct Injection,N
2.0,4,38.6792,6,10.0,2,2,N,N,none given,@@@@@,
2.7,4,27.5097,6,15.0,2,2,N,N,Naturally Aspirated,Multipoint/sequential fuel injection,
